trip_id,trip_date,contractor_id,contractor_name,trip_status,scheduled_pickup,actual_pickup,pickup_delay_minutes,valid_pickup,on_time_flag,late_flag,early_flag,cancelled_flag,completed_flag,passenger_count,distance_miles,missing_actual_pickup,missing_actual_dropoff,missing_driver,missing_vehicle
1,2026-08-26,5,CityRide Partners,Completed,2026-08-26 17:20:00,2026-08-26 17:19:00,-1,1,1,0,0,0,1,23,5.2,0,0,0,0
2,2026-07-14,6,Regional Access Transit,Completed,2026-07-14 18:50:00,2026-07-14 18:36:00,-14,1,0,0,1,0,1,34,33.1,0,0,0,0
3,2026-07-26,4,MetroLink Operations,Completed,2026-07-26 15:20:00,2026-07-26 15:22:00,2,1,1,0,0,0,1,13,16.5,0,0,0,0
4,2026-07-14,3,Delaware Valley Transport,Cancelled,2026-07-14 13:00:00,,,0,,,,1,0,48,12.0,1,1,0,0
5,2026-08-22,4,MetroLink Operations,Completed,2026-08-22 19:00:00,2026-08-22 18:58:00,-2,1,1,0,0,0,1,47,24.2,0,0,0,0
6,2026-08-29,3,Delaware Valley Transport,Completed,2026-08-29 13:30:00,2026-08-29 13:39:00,9,1,1,0,0,0,1,37,41.1,0,0,0,0
7,2026-08-16,5,CityRide Partners,Completed,2026-08-16 08:20:00,2026-08-16 08:20:00,0,1,1,0,0,0,1,18,30.0,0,0,1,0
8,2026-08-21,2,Keystone Mobility,Completed,2026-08-21 08:00:00,2026-08-21 08:08:00,8,1,1,0,0,0,1,4,25.3,0,0,0,0
9,2026-06-07,6,Regional Access Transit,No Show,2026-06-07 09:30:00,,,0,,,,0,0,14,33.1,1,1,0,0
10,2026-07-28,4,MetroLink Operations,Completed,2026-07-28 14:45:00,2026-07-28 15:19:00,34,1,0,1,0,0,1,15,9.4,0,0,0,0
11,2026-06-21,1,Liberty Transit Services,Completed,2026-06-21 18:50:00,2026-06-21 18:39:00,-11,1,0,0,1,0,1,42,34.3,0,0,0,0
12,2026-07-25,2,Keystone Mobility,Completed,2026-07-25 12:15:00,2026-07-25 12:29:00,14,1,1,0,0,0,1,19,30.1,0,0,0,0
13,2026-08-04,3,Delaware Valley Transport,Completed,2026-08-04 20:50:00,2026-08-04 21:01:00,11,1,1,0,0,0,1,17,25.3,0,0,0,0
14,2026-06-23,7,Independence Transportation,Completed,2026-06-23 21:50:00,2026-06-23 22:17:00,27,1,0,1,0,0,1,20,29.0,0,0,0,0
15,2026-06-21,7,Independence Transportation,Completed,2026-06-21 18:50:00,2026-06-21 18:43:00,-7,1,0,0,1,0,1,0,28.5,0,0,0,0
16,2026-07-30,5,CityRide Partners,Completed,2026-07-30 06:20:00,2026-07-30 06:59:00,39,1,0,1,0,0,1,44,21.6,0,0,0,0
17,2026-08-20,1,Liberty Transit Services,Completed,2026-08-20 10:30:00,2026-08-20 11:02:00,32,1,0,1,0,0,1,32,30.4,0,0,0,0
18,2026-08-01,4,MetroLink Operations,Completed,2026-08-01 12:50:00,2026-08-01 13:19:00,29,1,0,1,0,0,1,17,34.9,0,0,0,0
19,2026-09-01,3,Delaware Valley Transport,Completed,2026-09-01 20:15:00,2026-09-01 20:12:00,-3,1,1,0,0,0,1,24,11.7,0,0,0,0
20,2026-07-23,7,Independence Transportation,Completed,2026-07-23 15:50:00,2026-07-23 16:01:00,11,1,1,0,0,0,1,28,6.4,0,0,0,0
21,2026-06-02,4,MetroLink Operations,Completed,2026-06-02 18:15:00,2026-06-02 18:33:00,18,1,0,1,0,0,1,45,37.6,0,0,0,0
22,2026-08-09,4,MetroLink Operations,No Show,2026-08-09 07:20:00,,,0,,,,0,0,45,37.0,1,1,0,0
23,2026-06-22,4,MetroLink Operations,Completed,2026-06-22 05:00:00,2026-06-22 05:14:00,14,1,1,0,0,0,1,11,9.2,0,0,0,0
24,2026-08-18,1,Liberty Transit Services,Completed,2026-08-18 12:50:00,2026-08-18 13:10:00,20,1,0,1,0,0,1,28,39.8,0,0,0,0
25,2026-07-09,5,CityRide Partners,Completed,2026-07-09 13:50:00,2026-07-09 13:49:00,-1,1,1,0,0,0,1,18,3.4,0,0,0,0
26,2026-08-24,7,Independence Transportation,Completed,2026-08-24 13:00:00,2026-08-24 13:10:00,10,1,1,0,0,0,1,16,29.3,0,0,0,0
27,2026-08-24,6,Regional Access Transit,Completed,2026-08-24 08:00:00,2026-08-24 07:59:00,-1,1,1,0,0,0,1,12,7.7,0,0,0,0
28,2026-07-17,5,CityRide Partners,Completed,2026-07-17 21:30:00,2026-07-17 22:03:00,33,1,0,1,0,0,1,43,31.1,0,0,0,0
29,2026-08-11,4,MetroLink Operations,Completed,2026-08-11 07:45:00,2026-08-11 08:15:00,30,1,0,1,0,0,1,23,6.8,0,0,0,0
30,2026-07-31,2,Keystone Mobility,Completed,2026-07-31 15:20:00,2026-07-31 15:31:00,11,1,1,0,0,0,1,34,7.9,0,0,0,0
31,2026-07-18,4,MetroLink Operations,Completed,2026-07-18 18:15:00,2026-07-18 18:24:00,9,1,1,0,0,0,1,15,36.3,0,0,0,0
32,2026-08-27,1,Liberty Transit Services,Completed,2026-08-27 16:00:00,2026-08-27 15:46:00,-14,1,0,0,1,0,1,8,33.6,0,0,0,0
33,2026-06-09,2,Keystone Mobility,Completed,2026-06-09 11:20:00,2026-06-09 11:02:00,-18,1,0,0,1,0,1,7,28.6,0,0,0,0
34,2026-06-17,1,Liberty Transit Services,Completed,2026-06-17 16:20:00,2026-06-17 16:07:00,-13,1,0,0,1,0,1,37,6.8,0,0,0,0
35,2026-06-29,5,CityRide Partners,Completed,2026-06-29 21:30:00,2026-06-29 21:34:00,4,1,1,0,0,0,1,28,5.4,0,0,0,0
36,2026-07-12,1,Liberty Transit Services,Completed,2026-07-12 07:15:00,2026-07-12 07:19:00,4,1,1,0,0,0,1,41,28.2,0,0,0,0
37,2026-08-10,7,Independence Transportation,Completed,2026-08-10 18:50:00,2026-08-10 19:13:00,23,1,0,1,0,0,1,9,29.6,0,0,0,0
38,2026-06-09,4,MetroLink Operations,Completed,2026-06-09 07:10:00,2026-06-09 07:07:00,-3,1,1,0,0,0,1,48,19.2,0,0,0,0
39,2026-06-07,6,Regional Access Transit,Completed,2026-06-07 14:40:00,2026-06-07 14:44:00,4,1,1,0,0,0,1,7,32.6,0,0,0,0
40,2026-06-29,5,CityRide Partners,Completed,2026-06-29 05:30:00,2026-06-29 05:50:00,20,1,0,1,0,0,1,1,6.1,0,0,0,0
41,2026-06-28,5,CityRide Partners,Completed,2026-06-28 18:50:00,2026-06-28 19:13:00,23,1,0,1,0,0,1,48,26.9,0,0,0,0
42,2026-06-11,6,Regional Access Transit,Completed,2026-06-11 19:45:00,2026-06-11 19:49:00,4,1,1,0,0,0,1,14,18.1,0,0,0,0
43,2026-06-08,5,CityRide Partners,Completed,2026-06-08 11:30:00,2026-06-08 11:43:00,13,1,1,0,0,0,1,45,11.6,0,0,0,1
44,2026-08-25,5,CityRide Partners,Completed,2026-08-25 07:45:00,2026-08-25 07:35:00,-10,1,0,0,1,0,1,20,9.3,0,0,0,0
45,2026-07-29,5,CityRide Partners,Completed,2026-07-29 07:45:00,2026-07-29 07:44:00,-1,1,1,0,0,0,1,10,5.5,0,0,0,0
46,2026-06-15,6,Regional Access Transit,Completed,2026-06-15 21:20:00,2026-06-15 21:31:00,11,1,1,0,0,0,1,31,20.8,0,0,0,0
47,2026-08-14,5,CityRide Partners,Completed,2026-08-14 15:40:00,2026-08-14 15:55:00,15,1,1,0,0,0,1,29,20.4,0,0,0,0
48,2026-07-18,1,Liberty Transit Services,Completed,2026-07-18 07:10:00,2026-07-18 07:11:00,1,1,1,0,0,0,1,28,6.6,0,0,0,0
49,2026-07-14,7,Independence Transportation,Completed,2026-07-14 21:15:00,2026-07-14 21:14:00,-1,1,1,0,0,0,1,26,33.1,0,0,0,0
50,2026-08-16,6,Regional Access Transit,Completed,2026-08-16 15:10:00,2026-08-16 15:35:00,25,1,0,1,0,0,1,9,38.7,0,0,0,0
51,2026-08-23,3,Delaware Valley Transport,Completed,2026-08-23 09:10:00,2026-08-23 09:14:00,4,1,1,0,0,0,1,32,16.8,0,0,0,0
52,2026-07-10,3,Delaware Valley Transport,Completed,2026-07-10 11:40:00,2026-07-10 12:06:00,26,1,0,1,0,0,1,39,7.7,0,0,0,0
53,2026-06-20,4,MetroLink Operations,Completed,2026-06-20 10:15:00,2026-06-20 10:36:00,21,1,0,1,0,0,1,30,38.2,0,0,0,0
54,2026-07-18,2,Keystone Mobility,Completed,2026-07-18 19:30:00,2026-07-18 19:44:00,14,1,1,0,0,0,1,6,30.6,0,0,0,0
55,2026-06-16,5,CityRide Partners,Completed,2026-06-16 07:15:00,2026-06-16 07:31:00,16,1,0,1,0,0,1,1,18.9,0,0,0,0
56,2026-08-04,4,MetroLink Operations,Completed,2026-08-04 12:45:00,2026-08-04 12:39:00,-6,1,0,0,1,0,1,30,30.0,0,0,0,0
57,2026-08-30,2,Keystone Mobility,Completed,2026-08-30 19:00:00,2026-08-30 18:49:00,-11,1,0,0,1,0,1,15,14.4,0,0,0,0
58,2026-07-01,1,Liberty Transit Services,Completed,2026-07-01 19:10:00,2026-07-01 19:16:00,6,1,1,0,0,0,1,26,9.9,0,0,0,0
59,2026-06-11,6,Regional Access Transit,Completed,2026-06-11 16:10:00,2026-06-11 16:07:00,-3,1,1,0,0,0,1,1,16.6,0,0,0,0
60,2026-07-15,1,Liberty Transit Services,Completed,2026-07-15 08:40:00,2026-07-15 08:51:00,11,1,1,0,0,0,1,4,30.8,0,0,0,0
61,2026-06-05,4,MetroLink Operations,Cancelled,2026-06-05 11:00:00,,,0,,,,1,0,34,21.2,1,1,0,0
62,2026-08-22,1,Liberty Transit Services,Completed,2026-08-22 14:40:00,2026-08-22 14:34:00,-6,1,0,0,1,0,1,24,15.9,0,0,0,0
63,2026-08-03,2,Keystone Mobility,Completed,2026-08-03 16:30:00,2026-08-03 16:27:00,-3,1,1,0,0,0,1,28,26.3,0,0,0,0
64,2026-06-22,4,MetroLink Operations,Completed,2026-06-22 16:50:00,2026-06-22 16:55:00,5,1,1,0,0,0,1,23,22.8,0,0,0,0
65,2026-08-26,6,Regional Access Transit,Completed,2026-08-26 05:15:00,2026-08-26 05:11:00,-4,1,1,0,0,0,1,23,20.0,0,0,0,0
66,2026-08-13,1,Liberty Transit Services,Completed,2026-08-13 21:40:00,2026-08-13 21:59:00,19,1,0,1,0,0,1,35,7.2,0,0,0,0
67,2026-07-04,7,Independence Transportation,Completed,2026-07-04 11:30:00,2026-07-04 11:33:00,3,1,1,0,0,0,1,35,23.9,0,0,0,0
68,2026-06-21,3,Delaware Valley Transport,No Show,2026-06-21 16:20:00,,,0,,,,0,0,35,25.1,1,1,0,0
69,2026-08-10,4,MetroLink Operations,Completed,2026-08-10 07:10:00,2026-08-10 07:20:00,10,1,1,0,0,0,1,4,20.3,0,0,0,0
70,2026-08-06,6,Regional Access Transit,Completed,2026-08-06 09:15:00,2026-08-06 09:39:00,24,1,0,1,0,0,1,18,35.9,0,0,0,0
71,2026-06-26,3,Delaware Valley Transport,Completed,2026-06-26 09:30:00,2026-06-26 10:04:00,34,1,0,1,0,0,1,1,5.7,0,0,0,0
72,2026-08-13,6,Regional Access Transit,Completed,2026-08-13 11:45:00,2026-08-13 11:54:00,9,1,1,0,0,0,1,3,8.7,0,0,0,0
73,2026-08-01,4,MetroLink Operations,Completed,2026-08-01 11:40:00,2026-08-01 12:12:00,32,1,0,1,0,0,1,15,20.9,0,0,0,0
74,2026-07-28,3,Delaware Valley Transport,Completed,2026-07-28 09:10:00,2026-07-28 09:24:00,14,1,1,0,0,0,1,32,20.9,0,0,0,0
75,2026-08-03,3,Delaware Valley Transport,Completed,2026-08-03 07:45:00,2026-08-03 08:03:00,18,1,0,1,0,0,1,41,29.1,0,0,0,0
76,2026-08-08,3,Delaware Valley Transport,Cancelled,2026-08-08 08:45:00,,,0,,,,1,0,36,24.7,1,1,0,0
77,2026-08-10,3,Delaware Valley Transport,Completed,2026-08-10 07:45:00,2026-08-10 07:48:00,3,1,1,0,0,0,1,21,24.5,0,0,0,0
78,2026-06-19,3,Delaware Valley Transport,Completed,2026-06-19 21:45:00,2026-06-19 21:49:00,4,1,1,0,0,0,1,32,8.0,0,0,0,0
79,2026-07-11,5,CityRide Partners,Completed,2026-07-11 17:30:00,2026-07-11 17:43:00,13,1,1,0,0,0,1,46,36.9,0,0,0,0
80,2026-06-04,6,Regional Access Transit,Completed,2026-06-04 13:20:00,2026-06-04 13:17:00,-3,1,1,0,0,0,1,12,3.2,0,0,0,0
81,2026-07-24,3,Delaware Valley Transport,Completed,2026-07-24 18:20:00,2026-07-24 18:35:00,15,1,1,0,0,0,1,30,23.3,0,0,0,0
82,2026-06-23,3,Delaware Valley Transport,Completed,2026-06-23 15:40:00,2026-06-23 15:51:00,11,1,1,0,0,0,1,44,30.3,0,0,0,0
83,2026-08-01,3,Delaware Valley Transport,Completed,2026-08-01 13:30:00,2026-08-01 13:25:00,-5,1,1,0,0,0,1,45,5.6,0,0,0,0
84,2026-08-23,4,MetroLink Operations,Completed,2026-08-23 20:20:00,2026-08-23 20:47:00,27,1,0,1,0,0,1,33,11.4,0,0,0,0
85,2026-06-07,2,Keystone Mobility,Completed,2026-06-07 18:40:00,2026-06-07 18:58:00,18,1,0,1,0,0,1,18,15.2,0,0,0,0
86,2026-06-08,6,Regional Access Transit,Completed,2026-06-08 12:00:00,2026-06-08 12:24:00,24,1,0,1,0,0,1,18,37.1,0,0,0,0
87,2026-07-09,1,Liberty Transit Services,No Show,2026-07-09 15:30:00,,,0,,,,0,0,32,21.0,1,1,0,0
88,2026-06-15,2,Keystone Mobility,Completed,2026-06-15 10:50:00,2026-06-15 10:58:00,8,1,1,0,0,0,1,5,18.3,0,0,0,0
89,2026-06-24,1,Liberty Transit Services,Completed,2026-06-24 20:40:00,2026-06-24 20:40:00,0,1,1,0,0,0,1,0,12.8,0,0,0,0
90,2026-08-28,3,Delaware Valley Transport,Completed,2026-08-28 06:10:00,2026-08-28 06:30:00,20,1,0,1,0,0,1,9,20.5,0,0,0,0
91,2026-07-18,5,CityRide Partners,Completed,2026-07-18 20:20:00,2026-07-18 20:23:00,3,1,1,0,0,0,1,3,35.2,0,0,0,0
92,2026-06-26,5,CityRide Partners,Completed,2026-06-26 09:15:00,2026-06-26 08:57:00,-18,1,0,0,1,0,1,32,18.9,0,0,0,0
93,2026-06-08,5,CityRide Partners,Completed,2026-06-08 14:00:00,2026-06-08 14:10:00,10,1,1,0,0,0,1,3,39.4,0,0,0,0
94,2026-07-31,1,Liberty Transit Services,Completed,2026-07-31 14:45:00,2026-07-31 15:12:00,27,1,0,1,0,0,1,34,7.8,0,0,0,0
95,2026-07-15,7,Independence Transportation,Completed,2026-07-15 10:45:00,2026-07-15 10:32:00,-13,1,0,0,1,0,1,34,17.5,0,0,0,0
96,2026-07-02,2,Keystone Mobility,Completed,2026-07-02 16:15:00,2026-07-02 16:26:00,11,1,1,0,0,0,1,38,3.8,0,0,0,0
97,2026-08-26,5,CityRide Partners,Completed,2026-08-26 12:00:00,2026-08-26 11:42:00,-18,1,0,0,1,0,1,46,25.3,0,0,0,0
98,2026-08-16,5,CityRide Partners,No Show,2026-08-16 12:30:00,,,0,,,,0,0,35,40.0,1,1,0,0
99,2026-06-23,6,Regional Access Transit,Cancelled,2026-06-23 20:00:00,,,0,,,,1,0,19,17.4,1,1,0,0
100,2026-08-08,7,Independence Transportation,Completed,2026-08-08 12:20:00,2026-08-08 12:44:00,24,1,0,1,0,0,1,21,28.0,0,0,0,0
101,2026-07-18,4,MetroLink Operations,Completed,2026-07-18 11:00:00,2026-07-18 11:05:00,5,1,1,0,0,0,1,21,14.5,0,0,0,0
102,2026-06-28,1,Liberty Transit Services,Completed,2026-06-28 08:50:00,2026-06-28 09:00:00,10,1,1,0,0,0,1,23,22.8,0,0,0,0
103,2026-07-30,4,MetroLink Operations,Completed,2026-07-30 20:40:00,,,0,,,,0,1,37,25.4,1,0,0,0
104,2026-07-08,4,MetroLink Operations,Completed,2026-07-08 11:40:00,2026-07-08 11:36:00,-4,1,1,0,0,0,1,31,20.7,0,0,0,0
105,2026-07-16,6,Regional Access Transit,Cancelled,2026-07-16 09:50:00,,,0,,,,1,0,4,39.8,1,1,0,0
106,2026-06-07,6,Regional Access Transit,Completed,2026-06-07 18:15:00,2026-06-07 18:42:00,27,1,0,1,0,0,1,39,38.6,0,0,0,0
107,2026-08-02,6,Regional Access Transit,Completed,2026-08-02 05:45:00,2026-08-02 05:42:00,-3,1,1,0,0,0,1,9,12.0,0,0,1,0
108,2026-08-07,5,CityRide Partners,Completed,2026-08-07 16:30:00,2026-08-07 16:17:00,-13,1,0,0,1,0,1,5,28.3,0,0,0,0
109,2026-08-23,7,Independence Transportation,Completed,2026-08-23 07:45:00,2026-08-23 08:15:00,30,1,0,1,0,0,1,6,37.8,0,0,0,0
110,2026-06-30,1,Liberty Transit Services,Cancelled,2026-06-30 20:30:00,,,0,,,,1,0,1,40.5,1,1,0,0
111,2026-06-19,5,CityRide Partners,Completed,2026-06-19 07:30:00,2026-06-19 07:50:00,20,1,0,1,0,0,1,44,31.1,0,0,0,0
112,2026-09-04,5,CityRide Partners,Completed,2026-09-04 06:10:00,2026-09-04 05:52:00,-18,1,0,0,1,0,1,28,21.9,0,0,0,0
113,2026-08-10,3,Delaware Valley Transport,Completed,2026-08-10 18:15:00,2026-08-10 18:04:00,-11,1,0,0,1,0,1,40,8.6,0,0,0,0
114,2026-07-11,4,MetroLink Operations,Cancelled,2026-07-11 08:10:00,,,0,,,,1,0,5,9.9,1,1,0,0
115,2026-08-11,4,MetroLink Operations,Completed,2026-08-11 18:10:00,2026-08-11 18:19:00,9,1,1,0,0,0,1,35,38.3,0,0,0,0
116,2026-08-13,2,Keystone Mobility,Completed,2026-08-13 10:45:00,2026-08-13 10:51:00,6,1,1,0,0,0,1,4,16.8,0,0,0,0
117,2026-09-01,2,Keystone Mobility,Completed,2026-09-01 11:50:00,2026-09-01 12:02:00,12,1,1,0,0,0,1,41,41.0,0,0,0,0
118,2026-07-09,2,Keystone Mobility,Completed,2026-07-09 11:50:00,2026-07-09 11:47:00,-3,1,1,0,0,0,1,20,17.4,0,0,0,0
119,2026-07-21,7,Independence Transportation,No Show,2026-07-21 08:20:00,,,0,,,,0,0,45,10.8,1,1,0,0
120,2026-07-08,7,Independence Transportation,Completed,2026-07-08 18:50:00,2026-07-08 18:59:00,9,1,1,0,0,0,1,44,19.0,0,0,0,0
121,2026-07-17,1,Liberty Transit Services,Completed,2026-07-17 07:10:00,2026-07-17 07:13:00,3,1,1,0,0,0,1,27,6.7,0,0,0,0
122,2026-07-04,1,Liberty Transit Services,Completed,2026-07-04 21:20:00,2026-07-04 21:39:00,19,1,0,1,0,0,1,9,16.3,0,0,0,0
123,2026-07-29,3,Delaware Valley Transport,Completed,2026-07-29 21:50:00,2026-07-29 22:06:00,16,1,0,1,0,0,1,6,29.2,0,0,0,0
124,2026-09-03,2,Keystone Mobility,Completed,2026-09-03 21:15:00,2026-09-03 21:16:00,1,1,1,0,0,0,1,12,20.3,0,0,0,0
125,2026-07-20,4,MetroLink Operations,Completed,2026-07-20 11:20:00,2026-07-20 11:33:00,13,1,1,0,0,0,1,16,29.0,0,0,0,0
126,2026-08-07,4,MetroLink Operations,Completed,2026-08-07 17:45:00,2026-08-07 17:50:00,5,1,1,0,0,0,1,15,14.6,0,0,0,0
127,2026-07-18,2,Keystone Mobility,Completed,2026-07-18 21:45:00,2026-07-18 21:42:00,-3,1,1,0,0,0,1,11,24.4,0,0,0,0
128,2026-07-07,4,MetroLink Operations,Completed,2026-07-07 10:40:00,2026-07-07 10:36:00,-4,1,1,0,0,0,1,45,35.7,0,0,0,0
129,2026-06-22,4,MetroLink Operations,Completed,2026-06-22 05:20:00,2026-06-22 05:39:00,19,1,0,1,0,0,1,7,13.1,0,0,0,0
130,2026-07-17,5,CityRide Partners,Completed,2026-07-17 06:50:00,2026-07-17 06:58:00,8,1,1,0,0,0,1,5,19.8,0,0,0,0
131,2026-07-01,1,Liberty Transit Services,Completed,2026-07-01 16:45:00,2026-07-01 17:19:00,34,1,0,1,0,0,1,20,41.2,0,0,0,0
132,2026-07-08,3,Delaware Valley Transport,No Show,2026-07-08 21:10:00,,,0,,,,0,0,8,30.2,1,1,0,0
133,2026-07-02,2,Keystone Mobility,Completed,2026-07-02 15:20:00,2026-07-02 15:49:00,29,1,0,1,0,0,1,44,39.5,0,0,0,0
134,2026-07-29,3,Delaware Valley Transport,Completed,2026-07-29 15:00:00,2026-07-29 15:19:00,19,1,0,1,0,0,1,13,22.0,0,0,0,0
135,2026-07-07,3,Delaware Valley Transport,Cancelled,2026-07-07 09:50:00,,,0,,,,1,0,29,3.1,1,1,0,0
136,2026-06-21,7,Independence Transportation,Completed,2026-06-21 19:00:00,2026-06-21 19:05:00,5,1,1,0,0,0,1,41,9.0,0,0,0,0
137,2026-08-20,4,MetroLink Operations,Completed,2026-08-20 12:45:00,2026-08-20 13:12:00,27,1,0,1,0,0,1,0,30.0,0,0,0,0
138,2026-06-16,7,Independence Transportation,Completed,2026-06-16 09:50:00,2026-06-16 09:54:00,4,1,1,0,0,0,1,4,23.5,0,0,0,0
139,2026-08-18,1,Liberty Transit Services,Completed,2026-08-18 19:40:00,2026-08-18 20:00:00,20,1,0,1,0,0,1,48,7.4,0,0,0,0
140,2026-07-20,6,Regional Access Transit,Completed,2026-07-20 18:40:00,2026-07-20 18:30:00,-10,1,0,0,1,0,1,19,10.6,0,0,0,0
141,2026-08-05,5,CityRide Partners,Completed,2026-08-05 17:30:00,2026-08-05 17:24:00,-6,1,0,0,1,0,1,23,39.4,0,0,0,0
142,2026-07-20,2,Keystone Mobility,No Show,2026-07-20 16:15:00,,,0,,,,0,0,13,4.1,1,1,0,1
143,2026-07-21,1,Liberty Transit Services,Completed,2026-07-21 14:45:00,2026-07-21 14:44:00,-1,1,1,0,0,0,1,40,32.6,0,0,0,0
144,2026-08-27,6,Regional Access Transit,Completed,2026-08-27 14:45:00,2026-08-27 14:52:00,7,1,1,0,0,0,1,47,9.4,0,0,0,0
145,2026-08-30,1,Liberty Transit Services,No Show,2026-08-30 05:15:00,,,0,,,,0,0,17,31.5,1,1,0,0
146,2026-06-04,1,Liberty Transit Services,Completed,2026-06-04 18:30:00,2026-06-04 19:02:00,32,1,0,1,0,0,1,6,37.8,0,0,0,0
147,2026-09-01,6,Regional Access Transit,Completed,2026-09-01 12:00:00,2026-09-01 12:17:00,17,1,0,1,0,0,1,2,24.3,0,0,0,0
148,2026-09-03,6,Regional Access Transit,Completed,2026-09-03 12:40:00,2026-09-03 13:02:00,22,1,0,1,0,0,1,2,40.2,0,0,0,0
149,2026-07-30,1,Liberty Transit Services,Completed,2026-07-30 14:40:00,2026-07-30 15:01:00,21,1,0,1,0,0,1,23,25.9,0,0,0,0
150,2026-06-26,4,MetroLink Operations,Cancelled,2026-06-26 12:15:00,,,0,,,,1,0,44,37.1,1,1,0,0
151,2026-06-01,3,Delaware Valley Transport,Completed,2026-06-01 14:10:00,2026-06-01 14:38:00,28,1,0,1,0,0,1,33,18.8,0,0,0,0
152,2026-07-29,3,Delaware Valley Transport,Completed,2026-07-29 08:15:00,2026-07-29 08:23:00,8,1,1,0,0,0,1,25,30.2,0,0,0,0
153,2026-07-12,6,Regional Access Transit,Completed,2026-07-12 19:30:00,2026-07-12 19:42:00,12,1,1,0,0,0,1,22,40.6,0,0,0,0
154,2026-07-28,2,Keystone Mobility,Completed,2026-07-28 19:30:00,2026-07-28 19:44:00,14,1,1,0,0,0,1,22,18.2,0,0,0,0
155,2026-08-26,1,Liberty Transit Services,No Show,2026-08-26 13:15:00,,,0,,,,0,0,8,7.3,1,1,0,0
156,2026-06-29,1,Liberty Transit Services,Completed,2026-06-29 11:45:00,2026-06-29 12:02:00,17,1,0,1,0,0,1,21,7.3,0,0,0,0
157,2026-06-07,4,MetroLink Operations,Completed,2026-06-07 18:45:00,2026-06-07 18:53:00,8,1,1,0,0,0,1,2,26.8,0,0,0,0
158,2026-07-02,5,CityRide Partners,Completed,2026-07-02 20:45:00,2026-07-02 20:38:00,-7,1,0,0,1,0,1,1,41.6,0,0,0,0
159,2026-08-31,7,Independence Transportation,Cancelled,2026-08-31 20:50:00,,,0,,,,1,0,20,26.1,1,1,0,0
160,2026-07-06,1,Liberty Transit Services,No Show,2026-07-06 20:40:00,,,0,,,,0,0,34,34.7,1,1,0,0
161,2026-06-08,6,Regional Access Transit,Completed,2026-06-08 17:40:00,2026-06-08 17:30:00,-10,1,0,0,1,0,1,36,24.8,0,0,0,0
162,2026-06-25,5,CityRide Partners,Completed,2026-06-25 14:15:00,2026-06-25 14:11:00,-4,1,1,0,0,0,1,11,38.8,0,0,0,0
163,2026-07-12,7,Independence Transportation,Completed,2026-07-12 05:15:00,2026-07-12 05:25:00,10,1,1,0,0,0,1,25,25.6,0,0,0,0
164,2026-07-09,3,Delaware Valley Transport,Completed,2026-07-09 09:15:00,2026-07-09 09:13:00,-2,1,1,0,0,0,1,11,17.4,0,0,0,0
165,2026-08-28,6,Regional Access Transit,Cancelled,2026-08-28 09:15:00,,,0,,,,1,0,36,3.8,1,1,0,0
166,2026-07-11,5,CityRide Partners,Completed,2026-07-11 08:50:00,2026-07-11 08:32:00,-18,1,0,0,1,0,1,46,37.5,0,0,0,0
167,2026-06-02,4,MetroLink Operations,Completed,2026-06-02 11:20:00,2026-06-02 11:21:00,1,1,1,0,0,0,1,34,17.3,0,0,0,0
168,2026-08-01,7,Independence Transportation,Completed,2026-08-01 10:50:00,2026-08-01 11:02:00,12,1,1,0,0,0,1,24,8.9,0,0,0,0
169,2026-08-10,1,Liberty Transit Services,Completed,2026-08-10 15:50:00,2026-08-10 16:00:00,10,1,1,0,0,0,1,16,28.6,0,0,0,0
170,2026-07-01,3,Delaware Valley Transport,Completed,2026-07-01 06:45:00,2026-07-01 07:01:00,16,1,0,1,0,0,1,38,21.5,0,0,0,1
171,2026-06-04,1,Liberty Transit Services,Completed,2026-06-04 10:30:00,2026-06-04 10:46:00,16,1,0,1,0,0,1,24,17.1,0,0,0,0
172,2026-06-06,4,MetroLink Operations,Completed,2026-06-06 19:50:00,2026-06-06 19:52:00,2,1,1,0,0,0,1,34,18.9,0,0,0,0
173,2026-08-15,7,Independence Transportation,Completed,2026-08-15 06:45:00,2026-08-15 06:49:00,4,1,1,0,0,0,1,36,29.3,0,0,0,0
174,2026-06-19,5,CityRide Partners,No Show,2026-06-19 19:15:00,,,0,,,,0,0,43,19.7,1,1,0,0
175,2026-08-20,7,Independence Transportation,Completed,2026-08-20 13:40:00,2026-08-20 14:00:00,20,1,0,1,0,0,1,44,27.1,0,0,0,0
176,2026-07-24,5,CityRide Partners,Completed,2026-07-24 18:15:00,2026-07-24 18:32:00,17,1,0,1,0,0,1,16,17.6,0,0,0,0
177,2026-08-13,4,MetroLink Operations,Completed,2026-08-13 06:15:00,2026-08-13 06:29:00,14,1,1,0,0,0,1,30,38.9,0,0,0,0
178,2026-06-03,3,Delaware Valley Transport,Completed,2026-06-03 14:30:00,2026-06-03 14:15:00,-15,1,0,0,1,0,1,5,9.9,0,0,0,0
179,2026-07-23,2,Keystone Mobility,Completed,2026-07-23 21:40:00,2026-07-23 21:57:00,17,1,0,1,0,0,1,36,3.6,0,0,0,0
180,2026-06-26,2,Keystone Mobility,Completed,2026-06-26 12:00:00,2026-06-26 11:50:00,-10,1,0,0,1,0,1,31,26.0,0,0,0,0
181,2026-07-31,2,Keystone Mobility,Completed,2026-07-31 16:15:00,2026-07-31 16:22:00,7,1,1,0,0,0,1,43,10.7,0,0,0,0
182,2026-07-23,6,Regional Access Transit,Cancelled,2026-07-23 05:00:00,,,0,,,,1,0,19,30.7,1,1,0,0
183,2026-08-22,6,Regional Access Transit,Completed,2026-08-22 18:45:00,2026-08-22 18:41:00,-4,1,1,0,0,0,1,23,24.7,0,0,0,0
184,2026-08-17,5,CityRide Partners,Completed,2026-08-17 14:10:00,2026-08-17 14:06:00,-4,1,1,0,0,0,1,15,38.0,0,0,0,0
185,2026-08-16,7,Independence Transportation,Completed,2026-08-16 15:15:00,2026-08-16 15:22:00,7,1,1,0,0,0,1,43,23.6,0,0,0,0
186,2026-07-31,7,Independence Transportation,Completed,2026-07-31 21:30:00,2026-07-31 21:21:00,-9,1,0,0,1,0,1,11,39.9,0,0,0,0
187,2026-08-23,3,Delaware Valley Transport,Completed,2026-08-23 12:40:00,2026-08-23 12:47:00,7,1,1,0,0,0,1,37,25.4,0,0,0,0
188,2026-06-10,5,CityRide Partners,Completed,2026-06-10 11:10:00,2026-06-10 11:29:00,19,1,0,1,0,0,1,29,8.2,0,0,0,0
189,2026-08-31,7,Independence Transportation,Completed,2026-08-31 07:50:00,2026-08-31 07:55:00,5,1,1,0,0,0,1,48,33.3,0,0,0,1
190,2026-08-18,2,Keystone Mobility,No Show,2026-08-18 18:45:00,,,0,,,,0,0,23,40.0,1,1,0,0
191,2026-08-07,3,Delaware Valley Transport,Completed,2026-08-07 05:00:00,2026-08-07 05:30:00,30,1,0,1,0,0,1,19,40.0,0,0,0,0
192,2026-09-02,4,MetroLink Operations,Cancelled,2026-09-02 21:40:00,,,0,,,,1,0,48,9.9,1,1,0,0
193,2026-07-22,7,Independence Transportation,Completed,2026-07-22 12:20:00,2026-07-22 12:31:00,11,1,1,0,0,0,1,38,41.8,0,0,0,0
194,2026-06-14,6,Regional Access Transit,Completed,2026-06-14 06:10:00,2026-06-14 06:06:00,-4,1,1,0,0,0,1,42,23.1,0,0,0,0
195,2026-08-17,5,CityRide Partners,Completed,2026-08-17 18:10:00,2026-08-17 18:21:00,11,1,1,0,0,0,1,22,30.3,0,0,0,0
196,2026-06-21,3,Delaware Valley Transport,Completed,2026-06-21 20:20:00,2026-06-21 20:36:00,16,1,0,1,0,0,1,32,5.5,0,0,0,0
197,2026-06-13,6,Regional Access Transit,Completed,2026-06-13 12:50:00,2026-06-13 13:05:00,15,1,1,0,0,0,1,48,37.7,0,0,0,0
198,2026-06-18,1,Liberty Transit Services,No Show,2026-06-18 15:40:00,,,0,,,,0,0,7,18.3,1,1,0,0
199,2026-07-05,4,MetroLink Operations,Completed,2026-07-05 20:45:00,2026-07-05 20:43:00,-2,1,1,0,0,0,1,11,26.6,0,0,0,0
200,2026-07-16,7,Independence Transportation,Completed,2026-07-16 09:50:00,2026-07-16 09:50:00,0,1,1,0,0,0,1,36,11.3,0,0,0,0
201,2026-07-14,6,Regional Access Transit,Completed,2026-07-14 21:10:00,2026-07-14 21:37:00,27,1,0,1,0,0,1,39,4.7,0,0,0,0
202,2026-06-21,6,Regional Access Transit,Completed,2026-06-21 20:50:00,2026-06-21 21:07:00,17,1,0,1,0,0,1,29,20.0,0,0,0,0
203,2026-07-28,5,CityRide Partners,Completed,2026-07-28 20:50:00,2026-07-28 21:01:00,11,1,1,0,0,0,1,38,40.5,0,0,0,0
204,2026-07-09,6,Regional Access Transit,Completed,2026-07-09 11:50:00,2026-07-09 12:00:00,10,1,1,0,0,0,1,48,28.5,0,0,0,0
205,2026-07-14,1,Liberty Transit Services,Completed,2026-07-14 14:40:00,2026-07-14 14:31:00,-9,1,0,0,1,0,1,12,7.3,0,0,0,0
206,2026-07-21,7,Independence Transportation,Completed,2026-07-21 19:20:00,2026-07-21 19:09:00,-11,1,0,0,1,0,1,32,7.8,0,0,0,0
207,2026-06-01,4,MetroLink Operations,Completed,2026-06-01 06:45:00,2026-06-01 06:41:00,-4,1,1,0,0,0,1,38,37.4,0,0,0,0
208,2026-07-20,5,CityRide Partners,No Show,2026-07-20 12:30:00,,,0,,,,0,0,38,30.2,1,1,0,0
209,2026-08-05,6,Regional Access Transit,Completed,2026-08-05 15:20:00,2026-08-05 15:19:00,-1,1,1,0,0,0,1,20,30.6,0,0,0,0
210,2026-07-16,7,Independence Transportation,Completed,2026-07-16 18:30:00,2026-07-16 18:12:00,-18,1,0,0,1,0,1,10,41.3,0,0,0,0
211,2026-07-03,6,Regional Access Transit,Completed,2026-07-03 06:30:00,2026-07-03 06:52:00,22,1,0,1,0,0,1,15,22.7,0,0,0,0
212,2026-08-29,7,Independence Transportation,Completed,2026-08-29 06:45:00,2026-08-29 06:37:00,-8,1,0,0,1,0,1,45,30.5,0,0,1,0
213,2026-08-15,3,Delaware Valley Transport,Completed,2026-08-15 11:20:00,2026-08-15 11:31:00,11,1,1,0,0,0,1,37,35.9,0,0,0,0
214,2026-07-13,1,Liberty Transit Services,Cancelled,2026-07-13 09:00:00,,,0,,,,1,0,42,14.4,1,1,0,0
215,2026-08-13,7,Independence Transportation,Completed,2026-08-13 07:40:00,2026-08-13 07:51:00,11,1,1,0,0,0,1,14,37.4,0,0,0,0
216,2026-07-13,6,Regional Access Transit,No Show,2026-07-13 16:30:00,,,0,,,,0,0,41,2.8,1,1,0,0
217,2026-07-15,6,Regional Access Transit,Completed,2026-07-15 12:20:00,2026-07-15 12:16:00,-4,1,1,0,0,0,1,23,22.8,0,0,0,0
218,2026-07-28,5,CityRide Partners,Completed,2026-07-28 06:30:00,2026-07-28 06:49:00,19,1,0,1,0,0,1,13,29.0,0,0,0,0
219,2026-06-28,7,Independence Transportation,Completed,2026-06-28 08:20:00,2026-06-28 08:17:00,-3,1,1,0,0,0,1,16,24.5,0,0,0,0
220,2026-06-30,5,CityRide Partners,Completed,2026-06-30 18:45:00,,,0,,,,0,1,4,32.4,1,0,1,0
221,2026-06-06,5,CityRide Partners,Completed,2026-06-06 16:10:00,2026-06-06 16:00:00,-10,1,0,0,1,0,1,8,32.0,0,0,0,0
222,2026-08-09,7,Independence Transportation,No Show,2026-08-09 09:30:00,,,0,,,,0,0,38,18.1,1,1,0,1
223,2026-06-11,5,CityRide Partners,Completed,2026-06-11 11:40:00,2026-06-11 12:04:00,24,1,0,1,0,0,1,36,36.2,0,0,0,0
224,2026-08-10,7,Independence Transportation,Completed,2026-08-10 07:30:00,2026-08-10 07:33:00,3,1,1,0,0,0,1,20,21.7,0,0,0,0
225,2026-08-18,3,Delaware Valley Transport,No Show,2026-08-18 09:40:00,,,0,,,,0,0,45,31.7,1,1,0,0
226,2026-07-06,4,MetroLink Operations,Completed,2026-07-06 09:40:00,2026-07-06 09:40:00,0,1,1,0,0,0,1,8,37.7,0,0,0,0
227,2026-07-04,2,Keystone Mobility,Completed,2026-07-04 07:00:00,2026-07-04 07:18:00,18,1,0,1,0,0,1,23,18.0,0,0,0,0
228,2026-08-15,7,Independence Transportation,Completed,2026-08-15 09:50:00,2026-08-15 10:00:00,10,1,1,0,0,0,1,10,9.6,0,0,0,0
229,2026-08-24,5,CityRide Partners,Completed,2026-08-24 20:40:00,2026-08-24 20:57:00,17,1,0,1,0,0,1,2,4.1,0,0,0,0
230,2026-07-12,6,Regional Access Transit,Completed,2026-07-12 21:30:00,2026-07-12 21:40:00,10,1,1,0,0,0,1,14,22.9,0,0,0,0
231,2026-07-15,3,Delaware Valley Transport,Cancelled,2026-07-15 20:00:00,,,0,,,,1,0,17,10.9,1,1,0,0
232,2026-06-21,2,Keystone Mobility,Completed,2026-06-21 08:20:00,2026-06-21 08:12:00,-8,1,0,0,1,0,1,36,25.9,0,0,0,0
233,2026-08-20,2,Keystone Mobility,Completed,2026-08-20 06:15:00,2026-08-20 06:13:00,-2,1,1,0,0,0,1,18,39.9,0,0,0,0
234,2026-07-28,2,Keystone Mobility,Completed,2026-07-28 20:15:00,2026-07-28 20:31:00,16,1,0,1,0,0,1,29,26.1,0,0,0,0
235,2026-06-30,1,Liberty Transit Services,Completed,2026-06-30 17:15:00,2026-06-30 17:40:00,25,1,0,1,0,0,1,2,37.2,0,0,0,0
236,2026-08-04,5,CityRide Partners,Cancelled,2026-08-04 07:50:00,,,0,,,,1,0,41,19.5,1,1,0,0
237,2026-07-18,4,MetroLink Operations,Cancelled,2026-07-18 21:45:00,,,0,,,,1,0,48,35.6,1,1,0,0
238,2026-06-13,5,CityRide Partners,Completed,2026-06-13 09:30:00,2026-06-13 09:38:00,8,1,1,0,0,0,1,0,17.3,0,0,0,0
239,2026-08-28,2,Keystone Mobility,Completed,2026-08-28 18:40:00,2026-08-28 18:49:00,9,1,1,0,0,0,1,25,32.3,0,0,0,0
240,2026-08-10,4,MetroLink Operations,Completed,2026-08-10 10:40:00,2026-08-10 10:42:00,2,1,1,0,0,0,1,44,40.0,0,0,0,0
241,2026-06-28,1,Liberty Transit Services,Completed,2026-06-28 17:40:00,2026-06-28 17:52:00,12,1,1,0,0,0,1,38,19.7,0,0,0,0
242,2026-07-04,1,Liberty Transit Services,Completed,2026-07-04 16:10:00,2026-07-04 16:41:00,31,1,0,1,0,0,1,42,39.3,0,0,0,0
243,2026-07-07,5,CityRide Partners,Completed,2026-07-07 06:20:00,2026-07-07 06:20:00,0,1,1,0,0,0,1,22,29.0,0,0,0,0
244,2026-08-15,4,MetroLink Operations,Cancelled,2026-08-15 21:00:00,,,0,,,,1,0,37,16.2,1,1,0,0
245,2026-07-06,7,Independence Transportation,Completed,2026-07-06 11:50:00,2026-07-06 12:08:00,18,1,0,1,0,0,1,34,34.6,0,0,0,0
246,2026-07-03,5,CityRide Partners,Completed,2026-07-03 17:50:00,2026-07-03 18:03:00,13,1,1,0,0,0,1,40,33.7,0,0,0,0
247,2026-08-26,2,Keystone Mobility,Completed,2026-08-26 15:45:00,2026-08-26 15:42:00,-3,1,1,0,0,0,1,20,16.5,0,0,0,0
248,2026-07-05,5,CityRide Partners,Completed,2026-07-05 11:50:00,2026-07-05 11:37:00,-13,1,0,0,1,0,1,6,7.2,0,0,0,0
249,2026-08-26,1,Liberty Transit Services,Completed,2026-08-26 05:00:00,2026-08-26 04:59:00,-1,1,1,0,0,0,1,17,18.2,0,0,0,0
250,2026-08-13,7,Independence Transportation,Cancelled,2026-08-13 06:45:00,,,0,,,,1,0,11,20.6,1,1,0,0
251,2026-08-29,1,Liberty Transit Services,Completed,2026-08-29 19:40:00,2026-08-29 19:43:00,3,1,1,0,0,0,1,17,21.1,0,0,0,0
252,2026-07-14,5,CityRide Partners,Completed,2026-07-14 10:50:00,2026-07-14 11:01:00,11,1,1,0,0,0,1,15,24.4,0,0,0,0
253,2026-07-19,7,Independence Transportation,Completed,2026-07-19 09:15:00,2026-07-19 09:29:00,14,1,1,0,0,0,1,31,14.4,0,0,0,0
254,2026-08-12,5,CityRide Partners,Completed,2026-08-12 17:10:00,2026-08-12 17:18:00,8,1,1,0,0,0,1,16,16.1,0,0,0,0
255,2026-06-16,4,MetroLink Operations,Completed,2026-06-16 11:15:00,2026-06-16 11:13:00,-2,1,1,0,0,0,1,40,40.3,0,0,0,0
256,2026-06-22,7,Independence Transportation,Completed,2026-06-22 18:45:00,2026-06-22 18:49:00,4,1,1,0,0,0,1,23,32.0,0,0,0,0
257,2026-07-28,5,CityRide Partners,Completed,2026-07-28 10:15:00,2026-07-28 10:06:00,-9,1,0,0,1,0,1,6,5.0,0,0,0,0
258,2026-08-10,4,MetroLink Operations,Completed,2026-08-10 05:45:00,2026-08-10 05:38:00,-7,1,0,0,1,0,1,28,27.2,0,0,0,0
259,2026-08-07,2,Keystone Mobility,Completed,2026-08-07 05:00:00,2026-08-07 04:46:00,-14,1,0,0,1,0,1,44,23.8,0,0,0,0
260,2026-08-16,5,CityRide Partners,Completed,2026-08-16 18:30:00,2026-08-16 18:37:00,7,1,1,0,0,0,1,8,16.1,0,0,0,0
261,2026-08-08,4,MetroLink Operations,Completed,2026-08-08 20:50:00,2026-08-08 21:09:00,19,1,0,1,0,0,1,35,19.8,0,0,0,0
262,2026-06-21,2,Keystone Mobility,Completed,2026-06-21 17:20:00,2026-06-21 17:33:00,13,1,1,0,0,0,1,40,20.5,0,0,0,0
263,2026-07-05,4,MetroLink Operations,Completed,2026-07-05 11:40:00,2026-07-05 11:35:00,-5,1,1,0,0,0,1,0,11.7,0,0,0,0
264,2026-06-02,2,Keystone Mobility,Completed,2026-06-02 11:40:00,2026-06-02 11:36:00,-4,1,1,0,0,0,1,4,24.0,0,0,0,0
265,2026-06-25,2,Keystone Mobility,No Show,2026-06-25 17:00:00,,,0,,,,0,0,47,41.8,1,1,0,0
266,2026-07-29,2,Keystone Mobility,Completed,2026-07-29 21:20:00,2026-07-29 21:50:00,30,1,0,1,0,0,1,40,14.3,0,0,0,0
267,2026-06-07,3,Delaware Valley Transport,Completed,2026-06-07 08:20:00,2026-06-07 08:29:00,9,1,1,0,0,0,1,5,12.3,0,0,0,0
268,2026-06-12,4,MetroLink Operations,Completed,2026-06-12 06:00:00,2026-06-12 06:42:00,42,1,0,1,0,0,1,28,31.5,0,0,0,0
269,2026-08-28,1,Liberty Transit Services,Cancelled,2026-08-28 16:15:00,,,0,,,,1,0,31,10.0,1,1,0,0
270,2026-08-09,2,Keystone Mobility,Completed,2026-08-09 15:50:00,2026-08-09 15:55:00,5,1,1,0,0,0,1,32,17.5,0,0,0,0
271,2026-06-03,2,Keystone Mobility,Completed,2026-06-03 12:40:00,2026-06-03 12:58:00,18,1,0,1,0,0,1,26,27.8,0,0,0,0
272,2026-06-13,1,Liberty Transit Services,Completed,2026-06-13 07:00:00,2026-06-13 07:26:00,26,1,0,1,0,0,1,44,25.8,0,0,0,0
273,2026-07-17,1,Liberty Transit Services,Completed,2026-07-17 07:00:00,2026-07-17 07:12:00,12,1,1,0,0,0,1,23,33.9,0,0,0,0
274,2026-08-18,1,Liberty Transit Services,Completed,2026-08-18 21:00:00,2026-08-18 21:06:00,6,1,1,0,0,0,1,36,27.2,0,0,0,0
275,2026-08-11,2,Keystone Mobility,Completed,2026-08-11 08:40:00,2026-08-11 08:32:00,-8,1,0,0,1,0,1,34,41.9,0,0,0,0
276,2026-07-16,4,MetroLink Operations,Completed,2026-07-16 15:40:00,2026-07-16 15:53:00,13,1,1,0,0,0,1,25,2.5,0,0,0,0
277,2026-07-07,1,Liberty Transit Services,Completed,2026-07-07 21:15:00,2026-07-07 21:45:00,30,1,0,1,0,0,1,36,39.1,0,0,0,0
278,2026-06-13,2,Keystone Mobility,Completed,2026-06-13 19:40:00,2026-06-13 19:59:00,19,1,0,1,0,0,1,30,9.3,0,0,0,0
279,2026-08-28,7,Independence Transportation,Completed,2026-08-28 14:00:00,2026-08-28 14:15:00,15,1,1,0,0,0,1,14,32.0,0,0,0,0
280,2026-08-17,7,Independence Transportation,Completed,2026-08-17 17:00:00,2026-08-17 17:19:00,19,1,0,1,0,0,1,36,22.4,0,0,0,0
281,2026-07-26,2,Keystone Mobility,Completed,2026-07-26 17:15:00,2026-07-26 17:39:00,24,1,0,1,0,0,1,8,32.6,0,0,0,0
282,2026-08-11,4,MetroLink Operations,Completed,2026-08-11 20:45:00,2026-08-11 20:35:00,-10,1,0,0,1,0,1,23,16.3,0,0,0,0
283,2026-07-15,3,Delaware Valley Transport,Completed,2026-07-15 14:15:00,2026-07-15 14:31:00,16,1,0,1,0,0,1,48,31.3,0,0,0,0
284,2026-06-15,1,Liberty Transit Services,Completed,2026-06-15 12:15:00,2026-06-15 12:27:00,12,1,1,0,0,0,1,35,21.6,0,0,0,0
285,2026-06-19,6,Regional Access Transit,Completed,2026-06-19 17:00:00,2026-06-19 17:24:00,24,1,0,1,0,0,1,4,17.9,0,0,0,0
286,2026-08-24,3,Delaware Valley Transport,Completed,2026-08-24 08:00:00,2026-08-24 08:01:00,1,1,1,0,0,0,1,11,10.4,0,0,0,0
287,2026-08-11,4,MetroLink Operations,Completed,2026-08-11 06:20:00,2026-08-11 06:02:00,-18,1,0,0,1,0,1,32,13.4,0,0,0,0
288,2026-08-20,1,Liberty Transit Services,Cancelled,2026-08-20 17:00:00,,,0,,,,1,0,8,6.0,1,1,0,0
289,2026-08-06,4,MetroLink Operations,Completed,2026-08-06 18:20:00,2026-08-06 18:18:00,-2,1,1,0,0,0,1,45,38.0,0,0,0,0
290,2026-07-26,2,Keystone Mobility,Completed,2026-07-26 10:40:00,2026-07-26 10:34:00,-6,1,0,0,1,0,1,26,40.5,0,0,0,0
291,2026-07-27,3,Delaware Valley Transport,Completed,2026-07-27 09:20:00,2026-07-27 09:20:00,0,1,1,0,0,0,1,30,7.8,0,0,0,0
292,2026-08-17,7,Independence Transportation,Completed,2026-08-17 16:15:00,2026-08-17 16:18:00,3,1,1,0,0,0,1,14,31.8,0,0,0,0
293,2026-06-27,2,Keystone Mobility,Completed,2026-06-27 10:50:00,2026-06-27 10:39:00,-11,1,0,0,1,0,1,36,26.0,0,0,0,0
294,2026-08-22,5,CityRide Partners,Completed,2026-08-22 21:10:00,2026-08-22 21:03:00,-7,1,0,0,1,0,1,40,40.5,0,0,0,0
295,2026-07-08,2,Keystone Mobility,Completed,2026-07-08 17:30:00,2026-07-08 17:31:00,1,1,1,0,0,0,1,11,33.3,0,0,0,0
296,2026-08-09,6,Regional Access Transit,Completed,2026-08-09 17:45:00,2026-08-09 17:52:00,7,1,1,0,0,0,1,20,29.8,0,0,0,0
297,2026-06-21,6,Regional Access Transit,Completed,2026-06-21 07:10:00,2026-06-21 07:12:00,2,1,1,0,0,0,1,21,24.8,0,0,0,0
298,2026-06-20,6,Regional Access Transit,Completed,2026-06-20 09:15:00,2026-06-20 09:18:00,3,1,1,0,0,0,1,48,12.5,0,1,0,0
299,2026-08-03,4,MetroLink Operations,Completed,2026-08-03 05:50:00,2026-08-03 05:50:00,0,1,1,0,0,0,1,13,4.4,0,0,0,0
300,2026-06-08,2,Keystone Mobility,Completed,2026-06-08 06:15:00,2026-06-08 06:17:00,2,1,1,0,0,0,1,43,13.7,0,0,0,0
301,2026-08-28,6,Regional Access Transit,Completed,2026-08-28 19:40:00,2026-08-28 20:01:00,21,1,0,1,0,0,1,7,29.9,0,0,0,0
302,2026-07-13,3,Delaware Valley Transport,Completed,2026-07-13 18:20:00,2026-07-13 18:34:00,14,1,1,0,0,0,1,16,23.3,0,0,0,0
303,2026-07-16,5,CityRide Partners,Completed,2026-07-16 20:50:00,2026-07-16 21:01:00,11,1,1,0,0,0,1,39,42.0,0,0,0,0
304,2026-06-06,4,MetroLink Operations,Completed,2026-06-06 16:20:00,2026-06-06 16:28:00,8,1,1,0,0,0,1,7,29.6,0,0,0,0
305,2026-07-21,3,Delaware Valley Transport,Completed,2026-07-21 10:20:00,2026-07-21 10:10:00,-10,1,0,0,1,0,1,26,39.1,0,0,0,0
306,2026-08-06,1,Liberty Transit Services,Completed,2026-08-06 15:00:00,2026-08-06 15:10:00,10,1,1,0,0,0,1,34,35.8,0,0,0,0
307,2026-08-17,5,CityRide Partners,Completed,2026-08-17 10:10:00,2026-08-17 10:27:00,17,1,0,1,0,0,1,7,17.3,0,0,0,0
308,2026-06-26,1,Liberty Transit Services,Cancelled,2026-06-26 19:00:00,,,0,,,,1,0,33,14.8,1,1,0,0
309,2026-06-19,3,Delaware Valley Transport,Completed,2026-06-19 21:15:00,2026-06-19 21:14:00,-1,1,1,0,0,0,1,38,36.9,0,0,0,0
310,2026-07-30,3,Delaware Valley Transport,Completed,2026-07-30 08:30:00,2026-07-30 08:36:00,6,1,1,0,0,0,1,10,13.3,0,0,0,0
311,2026-08-19,1,Liberty Transit Services,Completed,2026-08-19 08:20:00,2026-08-19 08:39:00,19,1,0,1,0,0,1,19,26.7,0,0,0,0
312,2026-08-09,3,Delaware Valley Transport,Completed,2026-08-09 06:15:00,2026-08-09 06:07:00,-8,1,0,0,1,0,1,12,30.7,0,0,0,0
313,2026-08-08,6,Regional Access Transit,Completed,2026-08-08 19:15:00,2026-08-08 19:36:00,21,1,0,1,0,0,1,9,36.5,0,0,0,0
314,2026-07-04,5,CityRide Partners,Completed,2026-07-04 17:15:00,2026-07-04 17:34:00,19,1,0,1,0,0,1,36,7.5,0,0,0,0
315,2026-07-22,1,Liberty Transit Services,Completed,2026-07-22 15:10:00,2026-07-22 15:28:00,18,1,0,1,0,0,1,21,10.7,0,0,0,0
316,2026-08-15,6,Regional Access Transit,Completed,2026-08-15 18:40:00,2026-08-15 18:51:00,11,1,1,0,0,0,1,28,9.5,0,0,0,0
317,2026-06-09,4,MetroLink Operations,Completed,2026-06-09 17:40:00,2026-06-09 17:43:00,3,1,1,0,0,0,1,28,23.5,0,0,0,0
318,2026-08-18,4,MetroLink Operations,Completed,2026-08-18 11:20:00,2026-08-18 11:45:00,25,1,0,1,0,0,1,18,5.0,0,0,0,0
319,2026-06-07,5,CityRide Partners,Completed,2026-06-07 16:10:00,2026-06-07 16:17:00,7,1,1,0,0,0,1,27,24.0,0,0,0,0
320,2026-06-23,6,Regional Access Transit,Completed,2026-06-23 09:20:00,2026-06-23 09:25:00,5,1,1,0,0,0,1,31,28.5,0,0,0,0
321,2026-06-11,2,Keystone Mobility,Completed,2026-06-11 18:50:00,2026-06-11 18:52:00,2,1,1,0,0,0,1,0,25.3,0,0,0,0
322,2026-09-02,7,Independence Transportation,Cancelled,2026-09-02 21:30:00,,,0,,,,1,0,30,30.3,1,1,0,0
323,2026-08-14,1,Liberty Transit Services,No Show,2026-08-14 07:15:00,,,0,,,,0,0,39,6.0,1,1,0,0
324,2026-08-20,4,MetroLink Operations,Completed,2026-08-20 14:00:00,2026-08-20 13:58:00,-2,1,1,0,0,0,1,18,9.1,0,0,0,0
325,2026-08-16,6,Regional Access Transit,Completed,2026-08-16 13:00:00,2026-08-16 13:03:00,3,1,1,0,0,0,1,32,5.5,0,0,0,0
326,2026-07-06,7,Independence Transportation,Completed,2026-07-06 09:30:00,2026-07-06 09:37:00,7,1,1,0,0,0,1,44,11.8,0,0,0,0
327,2026-08-07,2,Keystone Mobility,Completed,2026-08-07 15:10:00,2026-08-07 14:59:00,-11,1,0,0,1,0,1,40,9.1,0,0,0,0
328,2026-09-02,5,CityRide Partners,Completed,2026-09-02 06:30:00,2026-09-02 07:06:00,36,1,0,1,0,0,1,30,12.9,0,0,0,0
329,2026-07-26,5,CityRide Partners,Completed,2026-07-26 14:50:00,2026-07-26 14:49:00,-1,1,1,0,0,0,1,41,36.4,0,0,0,0
330,2026-07-05,3,Delaware Valley Transport,Completed,2026-07-05 08:30:00,2026-07-05 08:49:00,19,1,0,1,0,0,1,0,18.7,0,0,0,0
331,2026-06-14,5,CityRide Partners,Completed,2026-06-14 16:20:00,2026-06-14 16:28:00,8,1,1,0,0,0,1,45,40.3,0,0,0,0
332,2026-08-17,1,Liberty Transit Services,Completed,2026-08-17 17:15:00,2026-08-17 17:04:00,-11,1,0,0,1,0,1,42,32.9,0,0,0,0
333,2026-07-03,3,Delaware Valley Transport,Completed,2026-07-03 07:30:00,2026-07-03 07:15:00,-15,1,0,0,1,0,1,12,26.6,0,0,0,0
334,2026-08-22,2,Keystone Mobility,Completed,2026-08-22 08:15:00,2026-08-22 08:27:00,12,1,1,0,0,0,1,31,8.4,0,0,0,0
335,2026-06-01,6,Regional Access Transit,Completed,2026-06-01 17:30:00,2026-06-01 17:41:00,11,1,1,0,0,0,1,46,33.3,0,0,0,0
336,2026-06-09,7,Independence Transportation,No Show,2026-06-09 12:00:00,,,0,,,,0,0,22,15.7,1,1,0,0
337,2026-07-22,3,Delaware Valley Transport,Completed,2026-07-22 07:40:00,2026-07-22 07:46:00,6,1,1,0,0,0,1,12,14.3,0,0,0,0
338,2026-06-14,4,MetroLink Operations,Completed,2026-06-14 20:10:00,2026-06-14 20:26:00,16,1,0,1,0,0,1,34,27.9,0,0,0,0
339,2026-08-08,4,MetroLink Operations,Completed,2026-08-08 05:00:00,2026-08-08 05:01:00,1,1,1,0,0,0,1,4,4.0,0,0,0,0
340,2026-08-02,2,Keystone Mobility,Completed,2026-08-02 20:00:00,2026-08-02 19:56:00,-4,1,1,0,0,0,1,39,9.2,0,0,0,0
341,2026-06-09,5,CityRide Partners,Completed,2026-06-09 08:50:00,2026-06-09 08:57:00,7,1,1,0,0,0,1,8,15.2,0,0,0,0
342,2026-06-28,7,Independence Transportation,Completed,2026-06-28 10:40:00,2026-06-28 10:35:00,-5,1,1,0,0,0,1,2,7.8,0,0,0,0
343,2026-08-20,7,Independence Transportation,Completed,2026-08-20 10:00:00,2026-08-20 09:59:00,-1,1,1,0,0,0,1,40,13.2,0,0,0,0
344,2026-07-23,4,MetroLink Operations,Completed,2026-07-23 10:00:00,2026-07-23 10:02:00,2,1,1,0,0,0,1,12,7.1,0,0,0,0
345,2026-06-13,5,CityRide Partners,Completed,2026-06-13 21:20:00,2026-06-13 21:43:00,23,1,0,1,0,0,1,2,4.6,0,0,0,0
346,2026-07-07,3,Delaware Valley Transport,Completed,2026-07-07 18:30:00,2026-07-07 18:58:00,28,1,0,1,0,0,1,31,22.8,0,0,0,0
347,2026-07-01,1,Liberty Transit Services,Completed,2026-07-01 15:45:00,2026-07-01 16:10:00,25,1,0,1,0,0,1,30,25.6,0,0,0,0
348,2026-07-26,1,Liberty Transit Services,Completed,2026-07-26 11:50:00,2026-07-26 12:10:00,20,1,0,1,0,0,1,44,25.0,0,0,0,0
349,2026-06-18,3,Delaware Valley Transport,Completed,2026-06-18 19:50:00,2026-06-18 20:03:00,13,1,1,0,0,0,1,14,5.9,0,0,0,0
350,2026-08-06,7,Independence Transportation,Completed,2026-08-06 11:50:00,2026-08-06 11:40:00,-10,1,0,0,1,0,1,9,38.6,0,0,0,0
351,2026-07-24,1,Liberty Transit Services,Completed,2026-07-24 06:50:00,2026-07-24 07:04:00,14,1,1,0,0,0,1,44,31.4,0,0,0,0
352,2026-06-17,2,Keystone Mobility,Completed,2026-06-17 14:20:00,2026-06-17 14:15:00,-5,1,1,0,0,0,1,8,37.0,0,0,0,0
353,2026-06-24,4,MetroLink Operations,Completed,2026-06-24 19:00:00,2026-06-24 19:02:00,2,1,1,0,0,0,1,21,31.6,0,0,0,0
354,2026-08-05,1,Liberty Transit Services,Completed,2026-08-05 06:10:00,2026-08-05 06:01:00,-9,1,0,0,1,0,1,13,8.0,0,0,0,0
355,2026-07-01,3,Delaware Valley Transport,Cancelled,2026-07-01 08:50:00,,,0,,,,1,0,32,29.4,1,1,0,0
356,2026-06-07,3,Delaware Valley Transport,Completed,2026-06-07 16:40:00,2026-06-07 17:01:00,21,1,0,1,0,0,1,44,34.4,0,0,0,0
357,2026-06-25,1,Liberty Transit Services,Cancelled,2026-06-25 07:10:00,,,0,,,,1,0,44,8.3,1,1,0,0
358,2026-06-27,2,Keystone Mobility,No Show,2026-06-27 05:30:00,,,0,,,,0,0,47,28.0,1,1,0,0
359,2026-06-25,3,Delaware Valley Transport,Completed,2026-06-25 05:20:00,2026-06-25 05:03:00,-17,1,0,0,1,0,1,35,20.1,0,0,0,0
360,2026-08-12,3,Delaware Valley Transport,Completed,2026-08-12 14:15:00,2026-08-12 14:14:00,-1,1,1,0,0,0,1,34,13.8,0,0,0,0
361,2026-08-30,2,Keystone Mobility,Completed,2026-08-30 10:20:00,2026-08-30 10:39:00,19,1,0,1,0,0,1,20,41.1,0,0,0,0
362,2026-07-18,2,Keystone Mobility,Cancelled,2026-07-18 10:30:00,,,0,,,,1,0,20,8.7,1,1,0,0
363,2026-08-09,6,Regional Access Transit,Cancelled,2026-08-09 15:30:00,,,0,,,,1,0,28,15.9,1,1,0,0
364,2026-09-02,1,Liberty Transit Services,Completed,2026-09-02 06:15:00,2026-09-02 06:16:00,1,1,1,0,0,0,1,17,10.2,0,0,0,0
365,2026-08-08,1,Liberty Transit Services,Completed,2026-08-08 07:45:00,2026-08-08 08:02:00,17,1,0,1,0,0,1,24,17.2,0,0,0,0
366,2026-07-15,3,Delaware Valley Transport,Completed,2026-07-15 14:50:00,2026-07-15 15:10:00,20,1,0,1,0,0,1,37,26.1,0,0,0,0
367,2026-06-27,2,Keystone Mobility,Cancelled,2026-06-27 20:40:00,,,0,,,,1,0,17,18.9,1,1,0,0
368,2026-07-30,5,CityRide Partners,Completed,2026-07-30 11:15:00,2026-07-30 10:57:00,-18,1,0,0,1,0,1,14,3.6,0,0,0,0
369,2026-06-20,1,Liberty Transit Services,Completed,2026-06-20 14:50:00,2026-06-20 14:56:00,6,1,1,0,0,0,1,38,31.9,0,0,0,0
370,2026-08-01,5,CityRide Partners,Completed,2026-08-01 13:50:00,2026-08-01 13:56:00,6,1,1,0,0,0,1,44,7.9,0,0,0,0
371,2026-06-07,2,Keystone Mobility,Completed,2026-06-07 16:45:00,2026-06-07 16:55:00,10,1,1,0,0,0,1,43,34.1,0,0,0,0
372,2026-08-27,3,Delaware Valley Transport,Completed,2026-08-27 08:40:00,2026-08-27 08:53:00,13,1,1,0,0,0,1,13,8.6,0,0,0,0
373,2026-06-25,2,Keystone Mobility,Cancelled,2026-06-25 08:45:00,,,0,,,,1,0,19,29.8,1,1,0,0
374,2026-07-27,2,Keystone Mobility,Completed,2026-07-27 15:15:00,2026-07-27 15:19:00,4,1,1,0,0,0,1,44,32.6,0,0,0,0
375,2026-06-10,1,Liberty Transit Services,Completed,2026-06-10 20:45:00,2026-06-10 20:43:00,-2,1,1,0,0,0,1,48,6.3,0,0,0,0
376,2026-08-17,1,Liberty Transit Services,Completed,2026-08-17 11:15:00,2026-08-17 11:31:00,16,1,0,1,0,0,1,37,32.6,0,0,0,0
377,2026-06-28,5,CityRide Partners,Completed,2026-06-28 14:15:00,2026-06-28 14:36:00,21,1,0,1,0,0,1,28,29.1,0,0,0,0
378,2026-06-24,1,Liberty Transit Services,Completed,2026-06-24 17:45:00,2026-06-24 17:38:00,-7,1,0,0,1,0,1,35,31.0,0,0,0,0
379,2026-07-12,1,Liberty Transit Services,Completed,2026-07-12 08:45:00,2026-07-12 08:56:00,11,1,1,0,0,0,1,30,39.6,0,0,0,0
380,2026-06-23,3,Delaware Valley Transport,Completed,2026-06-23 20:10:00,2026-06-23 20:13:00,3,1,1,0,0,0,1,21,10.4,0,0,0,0
381,2026-07-22,7,Independence Transportation,Completed,2026-07-22 12:45:00,2026-07-22 12:50:00,5,1,1,0,0,0,1,25,41.5,0,0,0,0
382,2026-07-06,5,CityRide Partners,Completed,2026-07-06 19:10:00,2026-07-06 19:21:00,11,1,1,0,0,0,1,11,17.6,0,0,0,0
383,2026-07-12,6,Regional Access Transit,Completed,2026-07-12 14:10:00,2026-07-12 14:21:00,11,1,1,0,0,0,1,21,34.5,0,0,0,0
384,2026-08-09,5,CityRide Partners,Completed,2026-08-09 06:45:00,2026-08-09 07:01:00,16,1,0,1,0,0,1,27,7.8,0,0,0,0
385,2026-07-20,6,Regional Access Transit,Completed,2026-07-20 08:50:00,2026-07-20 09:15:00,25,1,0,1,0,0,1,37,40.8,0,0,0,0
386,2026-08-26,5,CityRide Partners,Completed,2026-08-26 14:40:00,2026-08-26 14:48:00,8,1,1,0,0,0,1,22,18.8,0,0,0,0
387,2026-08-24,1,Liberty Transit Services,Completed,2026-08-24 12:20:00,2026-08-24 12:25:00,5,1,1,0,0,0,1,27,24.9,0,0,0,0
388,2026-07-05,4,MetroLink Operations,Completed,2026-07-05 20:00:00,2026-07-05 20:24:00,24,1,0,1,0,0,1,42,15.9,0,0,0,0
389,2026-07-09,5,CityRide Partners,Completed,2026-07-09 18:20:00,2026-07-09 18:39:00,19,1,0,1,0,0,1,5,30.8,0,0,0,0
390,2026-06-13,5,CityRide Partners,Completed,2026-06-13 13:10:00,2026-06-13 13:12:00,2,1,1,0,0,0,1,12,18.9,0,0,0,0
391,2026-08-19,3,Delaware Valley Transport,Completed,2026-08-19 19:15:00,2026-08-19 19:14:00,-1,1,1,0,0,0,1,39,36.2,0,0,0,0
392,2026-08-12,4,MetroLink Operations,Completed,2026-08-12 21:20:00,2026-08-12 21:35:00,15,1,1,0,0,0,1,17,35.0,0,0,0,0
393,2026-06-21,6,Regional Access Transit,Completed,2026-06-21 12:45:00,2026-06-21 12:42:00,-3,1,1,0,0,0,1,27,28.1,0,0,0,0
394,2026-06-26,1,Liberty Transit Services,Completed,2026-06-26 13:15:00,2026-06-26 13:19:00,4,1,1,0,0,0,1,38,14.3,0,0,0,0
395,2026-07-23,1,Liberty Transit Services,Completed,2026-07-23 07:45:00,2026-07-23 07:31:00,-14,1,0,0,1,0,1,15,26.2,0,0,0,0
396,2026-07-11,7,Independence Transportation,Completed,2026-07-11 17:20:00,2026-07-11 17:06:00,-14,1,0,0,1,0,1,7,15.0,0,0,0,0
397,2026-07-31,4,MetroLink Operations,Completed,2026-07-31 13:15:00,2026-07-31 13:37:00,22,1,0,1,0,0,1,3,29.8,0,0,0,0
398,2026-08-25,7,Independence Transportation,Completed,2026-08-25 13:45:00,2026-08-25 13:51:00,6,1,1,0,0,0,1,19,6.1,0,0,0,0
399,2026-07-01,7,Independence Transportation,Completed,2026-07-01 11:15:00,2026-07-01 11:24:00,9,1,1,0,0,0,1,21,30.8,0,0,0,0
400,2026-06-13,7,Independence Transportation,Completed,2026-06-13 13:10:00,2026-06-13 13:36:00,26,1,0,1,0,0,1,25,10.4,0,0,0,0
401,2026-07-11,3,Delaware Valley Transport,Completed,2026-07-11 08:15:00,2026-07-11 08:29:00,14,1,1,0,0,0,1,11,29.7,0,0,0,0
402,2026-07-12,7,Independence Transportation,Completed,2026-07-12 11:10:00,2026-07-12 11:23:00,13,1,1,0,0,0,1,5,41.0,0,0,0,0
403,2026-07-04,2,Keystone Mobility,Completed,2026-07-04 06:45:00,,,0,,,,0,1,29,35.2,1,0,0,0
404,2026-06-16,4,MetroLink Operations,Completed,2026-06-16 11:20:00,2026-06-16 11:02:00,-18,1,0,0,1,0,1,11,18.6,0,0,0,0
405,2026-06-04,2,Keystone Mobility,Cancelled,2026-06-04 13:20:00,,,0,,,,1,0,20,41.0,1,1,0,0
406,2026-08-27,4,MetroLink Operations,Completed,2026-08-27 17:45:00,2026-08-27 17:28:00,-17,1,0,0,1,0,1,42,40.7,0,0,0,0
407,2026-08-30,5,CityRide Partners,Completed,2026-08-30 05:30:00,2026-08-30 05:41:00,11,1,1,0,0,0,1,21,37.2,0,0,0,0
408,2026-06-12,2,Keystone Mobility,Completed,2026-06-12 21:45:00,2026-06-12 21:51:00,6,1,1,0,0,0,1,18,38.2,0,0,0,0
409,2026-08-18,3,Delaware Valley Transport,Cancelled,2026-08-18 21:40:00,,,0,,,,1,0,42,27.6,1,1,0,0
410,2026-06-07,4,MetroLink Operations,Completed,2026-06-07 09:00:00,2026-06-07 09:29:00,29,1,0,1,0,0,1,45,24.7,0,0,0,0
411,2026-08-03,4,MetroLink Operations,Completed,2026-08-03 09:10:00,2026-08-03 09:36:00,26,1,0,1,0,0,1,13,25.6,0,0,0,0
412,2026-08-07,1,Liberty Transit Services,Completed,2026-08-07 18:10:00,2026-08-07 18:13:00,3,1,1,0,0,0,1,5,20.7,0,0,0,0
413,2026-08-24,6,Regional Access Transit,Completed,2026-08-24 19:30:00,2026-08-24 19:26:00,-4,1,1,0,0,0,1,41,13.7,0,0,0,0
414,2026-06-08,7,Independence Transportation,Completed,2026-06-08 17:10:00,2026-06-08 17:30:00,20,1,0,1,0,0,1,9,7.3,0,0,0,0
415,2026-07-26,4,MetroLink Operations,Completed,2026-07-26 09:40:00,2026-07-26 10:07:00,27,1,0,1,0,0,1,5,32.4,0,0,0,0
416,2026-07-18,7,Independence Transportation,Completed,2026-07-18 18:45:00,2026-07-18 18:46:00,1,1,1,0,0,0,1,18,21.0,0,0,0,0
417,2026-08-01,1,Liberty Transit Services,Completed,2026-08-01 09:15:00,2026-08-01 08:57:00,-18,1,0,0,1,0,1,32,19.3,0,0,0,0
418,2026-07-30,1,Liberty Transit Services,Completed,2026-07-30 16:30:00,2026-07-30 16:42:00,12,1,1,0,0,0,1,45,14.3,0,0,0,0
419,2026-09-01,5,CityRide Partners,No Show,2026-09-01 19:30:00,,,0,,,,0,0,38,12.7,1,1,0,0
420,2026-06-14,6,Regional Access Transit,Completed,2026-06-14 05:00:00,2026-06-14 05:15:00,15,1,1,0,0,0,1,39,16.7,0,0,0,0
421,2026-08-28,6,Regional Access Transit,Completed,2026-08-28 14:10:00,2026-08-28 14:19:00,9,1,1,0,0,0,1,27,35.8,0,0,0,0
422,2026-08-08,7,Independence Transportation,Completed,2026-08-08 07:30:00,2026-08-08 07:41:00,11,1,1,0,0,0,1,28,25.6,0,0,0,0
423,2026-07-08,2,Keystone Mobility,Completed,2026-07-08 06:40:00,2026-07-08 06:34:00,-6,1,0,0,1,0,1,32,25.8,0,0,0,0
424,2026-08-26,5,CityRide Partners,Completed,2026-08-26 12:00:00,2026-08-26 11:59:00,-1,1,1,0,0,0,1,39,39.6,0,0,0,0
425,2026-07-28,3,Delaware Valley Transport,Completed,2026-07-28 05:15:00,2026-07-28 05:06:00,-9,1,0,0,1,0,1,45,17.9,0,0,0,0
426,2026-08-26,4,MetroLink Operations,Completed,2026-08-26 20:15:00,2026-08-26 20:13:00,-2,1,1,0,0,0,1,31,14.5,0,0,0,0
427,2026-08-11,2,Keystone Mobility,Completed,2026-08-11 05:40:00,2026-08-11 05:53:00,13,1,1,0,0,0,1,35,11.4,0,0,0,0
428,2026-07-14,3,Delaware Valley Transport,Completed,2026-07-14 06:30:00,2026-07-14 06:39:00,9,1,1,0,0,0,1,48,6.9,0,0,0,0
429,2026-08-18,1,Liberty Transit Services,Completed,2026-08-18 06:10:00,2026-08-18 06:04:00,-6,1,0,0,1,0,1,8,7.4,0,0,0,0
430,2026-07-27,2,Keystone Mobility,Completed,2026-07-27 05:20:00,2026-07-27 05:34:00,14,1,1,0,0,0,1,9,32.3,0,0,0,0
431,2026-07-24,5,CityRide Partners,Cancelled,2026-07-24 09:45:00,,,0,,,,1,0,0,30.8,1,1,0,0
432,2026-06-09,5,CityRide Partners,No Show,2026-06-09 15:40:00,,,0,,,,0,0,42,38.9,1,1,0,0
433,2026-08-13,2,Keystone Mobility,Completed,2026-08-13 21:30:00,2026-08-13 21:24:00,-6,1,0,0,1,0,1,25,20.1,0,0,0,0
434,2026-08-09,2,Keystone Mobility,Cancelled,2026-08-09 16:45:00,,,0,,,,1,0,46,31.7,1,1,0,0
435,2026-08-06,2,Keystone Mobility,Completed,2026-08-06 14:20:00,2026-08-06 14:48:00,28,1,0,1,0,0,1,16,12.0,0,0,0,0
436,2026-07-09,7,Independence Transportation,Completed,2026-07-09 21:10:00,2026-07-09 21:31:00,21,1,0,1,0,0,1,47,41.6,0,0,0,0
437,2026-08-31,5,CityRide Partners,Completed,2026-08-31 12:40:00,2026-08-31 12:43:00,3,1,1,0,0,0,1,12,35.0,0,0,0,0
438,2026-07-29,3,Delaware Valley Transport,Completed,2026-07-29 09:45:00,2026-07-29 09:41:00,-4,1,1,0,0,0,1,25,36.9,0,0,0,0
439,2026-08-03,5,CityRide Partners,Completed,2026-08-03 19:50:00,2026-08-03 20:02:00,12,1,1,0,0,0,1,13,20.5,0,0,0,0
440,2026-09-04,1,Liberty Transit Services,Completed,2026-09-04 16:10:00,2026-09-04 15:52:00,-18,1,0,0,1,0,1,9,8.1,0,0,0,0
441,2026-07-24,5,CityRide Partners,Completed,2026-07-24 14:30:00,2026-07-24 15:07:00,37,1,0,1,0,0,1,36,20.4,0,0,0,0
442,2026-07-19,3,Delaware Valley Transport,Completed,2026-07-19 09:15:00,2026-07-19 09:38:00,23,1,0,1,0,0,1,21,23.9,0,0,0,0
443,2026-07-27,6,Regional Access Transit,Completed,2026-07-27 07:15:00,2026-07-27 07:33:00,18,1,0,1,0,0,1,36,23.1,0,0,0,0
444,2026-07-31,7,Independence Transportation,Completed,2026-07-31 05:10:00,2026-07-31 05:11:00,1,1,1,0,0,0,1,20,18.4,0,0,0,0
445,2026-08-02,1,Liberty Transit Services,Completed,2026-08-02 15:45:00,2026-08-02 15:27:00,-18,1,0,0,1,0,1,11,12.6,0,0,0,0
446,2026-06-20,1,Liberty Transit Services,Completed,2026-06-20 18:15:00,2026-06-20 18:14:00,-1,1,1,0,0,0,1,7,4.5,0,0,0,0
447,2026-08-16,2,Keystone Mobility,Completed,2026-08-16 20:45:00,2026-08-16 21:00:00,15,1,1,0,0,0,1,1,13.1,0,0,0,0
448,2026-08-26,5,CityRide Partners,Completed,2026-08-26 12:15:00,2026-08-26 12:24:00,9,1,1,0,0,0,1,34,40.1,0,0,0,0
449,2026-07-28,5,CityRide Partners,Completed,2026-07-28 05:50:00,2026-07-28 05:51:00,1,1,1,0,0,0,1,24,42.0,0,0,0,0
450,2026-08-20,7,Independence Transportation,Completed,2026-08-20 21:30:00,2026-08-20 21:43:00,13,1,1,0,0,0,1,13,26.6,0,0,0,0
451,2026-07-11,7,Independence Transportation,Completed,2026-07-11 13:50:00,,,0,,,,0,1,41,38.9,1,0,0,0
452,2026-07-31,5,CityRide Partners,Completed,2026-07-31 05:15:00,2026-07-31 05:20:00,5,1,1,0,0,0,1,28,29.1,0,0,0,0
453,2026-07-19,3,Delaware Valley Transport,Completed,2026-07-19 17:15:00,2026-07-19 17:19:00,4,1,1,0,0,0,1,45,16.6,0,0,0,0
454,2026-08-18,1,Liberty Transit Services,No Show,2026-08-18 12:20:00,,,0,,,,0,0,38,10.8,1,1,0,0
455,2026-08-21,2,Keystone Mobility,Completed,2026-08-21 08:30:00,2026-08-21 08:31:00,1,1,1,0,0,0,1,8,12.8,0,0,0,0
456,2026-06-30,5,CityRide Partners,No Show,2026-06-30 13:20:00,,,0,,,,0,0,0,39.5,1,1,0,0
457,2026-08-26,6,Regional Access Transit,Completed,2026-08-26 15:45:00,2026-08-26 15:38:00,-7,1,0,0,1,0,1,17,38.8,0,0,0,0
458,2026-07-28,5,CityRide Partners,Completed,2026-07-28 05:45:00,2026-07-28 05:41:00,-4,1,1,0,0,0,1,4,27.2,0,0,0,0
459,2026-06-04,1,Liberty Transit Services,Completed,2026-06-04 18:00:00,2026-06-04 17:42:00,-18,1,0,0,1,0,1,33,33.9,0,0,0,0
460,2026-08-16,1,Liberty Transit Services,Completed,2026-08-16 08:50:00,2026-08-16 08:50:00,0,1,1,0,0,0,1,19,26.6,0,0,0,0
461,2026-06-09,4,MetroLink Operations,Completed,2026-06-09 06:00:00,2026-06-09 05:47:00,-13,1,0,0,1,0,1,27,37.3,0,0,0,0
462,2026-06-13,5,CityRide Partners,Completed,2026-06-13 05:50:00,2026-06-13 06:19:00,29,1,0,1,0,0,1,32,12.6,0,0,0,0
463,2026-08-01,4,MetroLink Operations,Completed,2026-08-01 10:20:00,2026-08-01 10:37:00,17,1,0,1,0,0,1,9,8.3,0,0,0,0
464,2026-08-17,3,Delaware Valley Transport,Completed,2026-08-17 14:40:00,2026-08-17 14:44:00,4,1,1,0,0,0,1,12,33.5,0,0,0,0
465,2026-06-25,3,Delaware Valley Transport,Completed,2026-06-25 19:40:00,2026-06-25 19:46:00,6,1,1,0,0,0,1,31,11.2,0,0,0,0
466,2026-08-21,1,Liberty Transit Services,Completed,2026-08-21 12:50:00,2026-08-21 13:10:00,20,1,0,1,0,0,1,9,14.0,0,0,0,0
467,2026-08-20,2,Keystone Mobility,Completed,2026-08-20 06:00:00,2026-08-20 06:07:00,7,1,1,0,0,0,1,12,3.3,0,0,0,0
468,2026-07-04,7,Independence Transportation,Completed,2026-07-04 05:15:00,2026-07-04 05:24:00,9,1,1,0,0,0,1,39,37.3,0,0,0,0
469,2026-06-09,6,Regional Access Transit,Completed,2026-06-09 09:15:00,2026-06-09 09:47:00,32,1,0,1,0,0,1,37,10.0,0,0,0,0
470,2026-07-08,5,CityRide Partners,Completed,2026-07-08 15:20:00,2026-07-08 15:35:00,15,1,1,0,0,0,1,39,5.1,0,0,0,0
471,2026-07-20,5,CityRide Partners,Completed,2026-07-20 16:50:00,2026-07-20 16:52:00,2,1,1,0,0,0,1,40,38.9,0,0,0,0
472,2026-08-23,5,CityRide Partners,Completed,2026-08-23 11:20:00,2026-08-23 11:23:00,3,1,1,0,0,0,1,48,5.8,0,0,0,0
473,2026-08-06,4,MetroLink Operations,Completed,2026-08-06 12:00:00,2026-08-06 12:13:00,13,1,1,0,0,0,1,24,3.5,0,0,0,0
474,2026-06-30,4,MetroLink Operations,Completed,2026-06-30 07:40:00,2026-06-30 07:52:00,12,1,1,0,0,0,1,43,15.5,0,0,0,0
475,2026-09-04,3,Delaware Valley Transport,Cancelled,2026-09-04 11:15:00,,,0,,,,1,0,25,39.9,1,1,0,0
476,2026-08-14,7,Independence Transportation,Completed,2026-08-14 20:15:00,2026-08-14 20:26:00,11,1,1,0,0,0,1,29,16.0,0,0,0,0
477,2026-07-11,1,Liberty Transit Services,Completed,2026-07-11 18:45:00,2026-07-11 19:15:00,30,1,0,1,0,0,1,22,15.9,0,0,0,0
478,2026-07-25,4,MetroLink Operations,Completed,2026-07-25 14:40:00,2026-07-25 15:10:00,30,1,0,1,0,0,1,38,25.2,0,0,0,0
479,2026-07-19,4,MetroLink Operations,Completed,2026-07-19 17:10:00,2026-07-19 17:11:00,1,1,1,0,0,0,1,2,35.1,0,0,0,0
480,2026-08-02,5,CityRide Partners,Cancelled,2026-08-02 10:20:00,,,0,,,,1,0,33,5.3,1,1,0,0
481,2026-07-18,1,Liberty Transit Services,Completed,2026-07-18 05:15:00,2026-07-18 05:15:00,0,1,1,0,0,0,1,24,40.2,0,0,0,0
482,2026-06-27,7,Independence Transportation,Completed,2026-06-27 11:30:00,2026-06-27 11:25:00,-5,1,1,0,0,0,1,9,20.1,0,1,0,0
483,2026-07-22,7,Independence Transportation,Cancelled,2026-07-22 21:40:00,,,0,,,,1,0,18,28.0,1,1,0,0
484,2026-07-15,4,MetroLink Operations,Completed,2026-07-15 17:15:00,2026-07-15 17:15:00,0,1,1,0,0,0,1,44,39.9,0,0,0,0
485,2026-06-21,2,Keystone Mobility,Cancelled,2026-06-21 14:10:00,,,0,,,,1,0,6,22.4,1,1,0,0
486,2026-07-12,7,Independence Transportation,Completed,2026-07-12 19:15:00,2026-07-12 19:16:00,1,1,1,0,0,0,1,25,4.0,0,0,0,0
487,2026-06-15,3,Delaware Valley Transport,Completed,2026-06-15 15:50:00,2026-06-15 15:45:00,-5,1,1,0,0,0,1,10,35.6,0,0,0,0
488,2026-06-13,5,CityRide Partners,Completed,2026-06-13 14:10:00,2026-06-13 14:16:00,6,1,1,0,0,0,1,43,23.5,0,0,0,1
489,2026-08-29,4,MetroLink Operations,Completed,2026-08-29 21:10:00,2026-08-29 21:32:00,22,1,0,1,0,0,1,23,38.4,0,0,0,0
490,2026-06-12,2,Keystone Mobility,Completed,2026-06-12 18:00:00,2026-06-12 18:15:00,15,1,1,0,0,0,1,32,6.8,0,0,0,0
491,2026-07-12,3,Delaware Valley Transport,Completed,2026-07-12 11:45:00,2026-07-12 11:30:00,-15,1,0,0,1,0,1,13,20.6,0,1,0,0
492,2026-08-24,1,Liberty Transit Services,Cancelled,2026-08-24 16:00:00,,,0,,,,1,0,6,30.6,1,1,0,0
493,2026-08-12,7,Independence Transportation,No Show,2026-08-12 13:10:00,,,0,,,,0,0,44,15.1,1,1,0,0
494,2026-08-25,7,Independence Transportation,Completed,2026-08-25 07:40:00,2026-08-25 07:50:00,10,1,1,0,0,0,1,7,14.7,0,0,0,0
495,2026-07-25,6,Regional Access Transit,Completed,2026-07-25 07:00:00,2026-07-25 07:25:00,25,1,0,1,0,0,1,28,31.7,0,0,0,0
496,2026-06-18,3,Delaware Valley Transport,Completed,2026-06-18 15:00:00,2026-06-18 15:07:00,7,1,1,0,0,0,1,42,41.5,0,0,0,0
497,2026-08-27,7,Independence Transportation,Completed,2026-08-27 17:40:00,2026-08-27 17:36:00,-4,1,1,0,0,0,1,13,7.5,0,0,0,0
498,2026-08-15,2,Keystone Mobility,Completed,2026-08-15 12:10:00,2026-08-15 12:22:00,12,1,1,0,0,0,1,12,13.2,0,0,0,0
499,2026-08-01,7,Independence Transportation,Completed,2026-08-01 16:45:00,2026-08-01 17:02:00,17,1,0,1,0,0,1,1,32.6,0,0,0,0
500,2026-06-11,4,MetroLink Operations,Completed,2026-06-11 09:15:00,2026-06-11 09:11:00,-4,1,1,0,0,0,1,0,3.0,0,0,0,0
501,2026-09-02,5,CityRide Partners,Cancelled,2026-09-02 20:45:00,,,0,,,,1,0,37,5.3,1,1,0,0
502,2026-06-16,1,Liberty Transit Services,No Show,2026-06-16 10:20:00,,,0,,,,0,0,3,28.2,1,1,0,0
503,2026-09-03,4,MetroLink Operations,Cancelled,2026-09-03 12:50:00,,,0,,,,1,0,16,26.4,1,1,0,0
504,2026-06-19,6,Regional Access Transit,Completed,2026-06-19 12:15:00,2026-06-19 12:24:00,9,1,1,0,0,0,1,27,9.1,0,0,0,0
505,2026-07-03,4,MetroLink Operations,Completed,2026-07-03 21:45:00,2026-07-03 22:00:00,15,1,1,0,0,0,1,25,30.1,0,0,0,0
506,2026-06-22,1,Liberty Transit Services,Completed,2026-06-22 05:10:00,2026-06-22 04:55:00,-15,1,0,0,1,0,1,8,10.3,0,0,0,0
507,2026-08-04,2,Keystone Mobility,Completed,2026-08-04 19:20:00,2026-08-04 19:13:00,-7,1,0,0,1,0,1,18,5.9,0,0,0,0
508,2026-07-06,1,Liberty Transit Services,Completed,2026-07-06 15:00:00,2026-07-06 15:18:00,18,1,0,1,0,0,1,2,6.3,0,0,1,0
509,2026-06-01,5,CityRide Partners,Completed,2026-06-01 21:30:00,2026-06-01 21:32:00,2,1,1,0,0,0,1,24,26.6,0,0,0,0
510,2026-07-13,3,Delaware Valley Transport,Completed,2026-07-13 05:50:00,2026-07-13 06:07:00,17,1,0,1,0,0,1,15,17.1,0,0,0,0
511,2026-08-27,5,CityRide Partners,Completed,2026-08-27 21:45:00,2026-08-27 22:14:00,29,1,0,1,0,0,1,47,26.7,0,0,0,0
512,2026-07-15,1,Liberty Transit Services,Completed,2026-07-15 20:10:00,2026-07-15 20:14:00,4,1,1,0,0,0,1,5,14.4,0,0,0,0
513,2026-08-10,6,Regional Access Transit,Completed,2026-08-10 10:50:00,2026-08-10 11:17:00,27,1,0,1,0,0,1,10,39.2,0,0,0,0
514,2026-07-20,3,Delaware Valley Transport,No Show,2026-07-20 12:30:00,,,0,,,,0,0,31,6.1,1,1,0,0
515,2026-07-13,6,Regional Access Transit,Cancelled,2026-07-13 07:40:00,,,0,,,,1,0,7,14.0,1,1,0,0
516,2026-06-12,1,Liberty Transit Services,Completed,2026-06-12 11:10:00,2026-06-12 11:11:00,1,1,1,0,0,0,1,24,41.2,0,0,0,1
517,2026-07-17,3,Delaware Valley Transport,Completed,2026-07-17 21:20:00,2026-07-17 21:25:00,5,1,1,0,0,0,1,47,28.8,0,0,0,0
518,2026-08-29,7,Independence Transportation,No Show,2026-08-29 15:30:00,,,0,,,,0,0,30,27.4,1,1,0,0
519,2026-08-03,2,Keystone Mobility,Completed,2026-08-03 17:00:00,2026-08-03 17:17:00,17,1,0,1,0,0,1,19,41.4,0,0,0,0
520,2026-06-21,6,Regional Access Transit,Completed,2026-06-21 17:40:00,2026-06-21 17:44:00,4,1,1,0,0,0,1,6,7.7,0,0,0,0
521,2026-08-14,7,Independence Transportation,Completed,2026-08-14 14:50:00,2026-08-14 15:18:00,28,1,0,1,0,0,1,41,2.9,0,0,0,0
522,2026-08-13,6,Regional Access Transit,Completed,2026-08-13 09:45:00,2026-08-13 09:55:00,10,1,1,0,0,0,1,9,27.3,0,0,0,0
523,2026-07-02,4,MetroLink Operations,Completed,2026-07-02 08:20:00,2026-07-02 08:32:00,12,1,1,0,0,0,1,41,17.6,0,0,0,0
524,2026-08-23,6,Regional Access Transit,Completed,2026-08-23 16:00:00,2026-08-23 16:11:00,11,1,1,0,0,0,1,37,9.7,0,0,0,0
525,2026-08-22,4,MetroLink Operations,Completed,2026-08-22 14:15:00,2026-08-22 14:40:00,25,1,0,1,0,0,1,33,21.8,0,0,0,0
526,2026-08-14,5,CityRide Partners,Completed,2026-08-14 08:20:00,2026-08-14 08:27:00,7,1,1,0,0,0,1,16,36.1,0,0,1,0
527,2026-06-11,1,Liberty Transit Services,No Show,2026-06-11 21:30:00,,,0,,,,0,0,15,14.4,1,1,0,0
528,2026-07-08,5,CityRide Partners,Completed,2026-07-08 19:15:00,2026-07-08 19:26:00,11,1,1,0,0,0,1,2,9.9,0,0,0,0
529,2026-06-28,3,Delaware Valley Transport,Completed,2026-06-28 11:40:00,2026-06-28 11:27:00,-13,1,0,0,1,0,1,43,19.3,0,0,0,0
530,2026-06-19,6,Regional Access Transit,No Show,2026-06-19 11:10:00,,,0,,,,0,0,32,26.4,1,1,0,0
531,2026-06-20,4,MetroLink Operations,No Show,2026-06-20 18:45:00,,,0,,,,0,0,43,24.2,1,1,0,0
532,2026-07-13,1,Liberty Transit Services,Completed,2026-07-13 16:40:00,2026-07-13 17:07:00,27,1,0,1,0,0,1,7,9.4,0,0,1,0
533,2026-07-10,6,Regional Access Transit,Completed,2026-07-10 08:40:00,2026-07-10 09:03:00,23,1,0,1,0,0,1,43,40.7,0,0,0,0
534,2026-08-10,5,CityRide Partners,Completed,2026-08-10 20:15:00,2026-08-10 20:51:00,36,1,0,1,0,0,1,23,30.4,0,0,0,0
535,2026-08-26,2,Keystone Mobility,No Show,2026-08-26 19:15:00,,,0,,,,0,0,45,37.3,1,1,0,0
536,2026-06-30,7,Independence Transportation,Completed,2026-06-30 07:30:00,2026-06-30 07:52:00,22,1,0,1,0,0,1,31,34.4,0,0,0,0
537,2026-07-25,1,Liberty Transit Services,Completed,2026-07-25 09:50:00,2026-07-25 10:07:00,17,1,0,1,0,0,1,47,16.1,0,0,0,0
538,2026-08-24,6,Regional Access Transit,Completed,2026-08-24 06:50:00,2026-08-24 07:06:00,16,1,0,1,0,0,1,23,40.8,0,0,0,0
539,2026-08-26,3,Delaware Valley Transport,Completed,2026-08-26 08:30:00,2026-08-26 08:47:00,17,1,0,1,0,0,1,41,22.9,0,0,1,0
540,2026-07-30,1,Liberty Transit Services,Completed,2026-07-30 06:40:00,,,0,,,,0,1,12,5.8,1,0,0,1
541,2026-06-20,5,CityRide Partners,Completed,2026-06-20 08:50:00,2026-06-20 08:53:00,3,1,1,0,0,0,1,17,6.8,0,0,0,0
542,2026-08-24,4,MetroLink Operations,Completed,2026-08-24 10:15:00,2026-08-24 10:31:00,16,1,0,1,0,0,1,2,8.8,0,0,0,0
543,2026-08-01,2,Keystone Mobility,Completed,2026-08-01 08:45:00,2026-08-01 09:00:00,15,1,1,0,0,0,1,24,7.7,0,0,0,0
544,2026-06-03,1,Liberty Transit Services,Completed,2026-06-03 09:40:00,2026-06-03 10:09:00,29,1,0,1,0,0,1,5,32.6,0,0,0,0
545,2026-08-19,2,Keystone Mobility,Completed,2026-08-19 21:15:00,2026-08-19 21:20:00,5,1,1,0,0,0,1,6,30.2,0,0,0,0
546,2026-08-18,5,CityRide Partners,Completed,2026-08-18 11:15:00,2026-08-18 11:24:00,9,1,1,0,0,0,1,26,23.2,0,0,0,0
547,2026-08-21,6,Regional Access Transit,Completed,2026-08-21 12:40:00,2026-08-21 12:50:00,10,1,1,0,0,0,1,45,19.0,0,0,0,0
548,2026-06-07,3,Delaware Valley Transport,Completed,2026-06-07 06:00:00,2026-06-07 05:57:00,-3,1,1,0,0,0,1,19,6.9,0,0,0,0
549,2026-06-02,6,Regional Access Transit,Completed,2026-06-02 15:40:00,2026-06-02 15:39:00,-1,1,1,0,0,0,1,40,31.8,0,0,0,0
550,2026-06-06,1,Liberty Transit Services,Completed,2026-06-06 11:50:00,2026-06-06 11:59:00,9,1,1,0,0,0,1,35,30.6,0,0,0,0
551,2026-08-11,7,Independence Transportation,Cancelled,2026-08-11 16:50:00,,,0,,,,1,0,32,33.7,1,1,0,0
552,2026-08-16,2,Keystone Mobility,No Show,2026-08-16 09:30:00,,,0,,,,0,0,43,23.5,1,1,0,0
553,2026-06-10,5,CityRide Partners,Completed,2026-06-10 19:45:00,2026-06-10 19:37:00,-8,1,0,0,1,0,1,32,20.5,0,1,0,1
554,2026-09-01,6,Regional Access Transit,Completed,2026-09-01 13:30:00,2026-09-01 13:38:00,8,1,1,0,0,0,1,8,13.2,0,0,0,0
555,2026-06-07,7,Independence Transportation,Completed,2026-06-07 11:10:00,2026-06-07 11:22:00,12,1,1,0,0,0,1,39,14.1,0,0,0,0
556,2026-08-20,1,Liberty Transit Services,Completed,2026-08-20 16:20:00,2026-08-20 16:37:00,17,1,0,1,0,0,1,20,13.1,0,0,0,0
557,2026-08-20,5,CityRide Partners,Completed,2026-08-20 09:50:00,2026-08-20 09:55:00,5,1,1,0,0,0,1,11,10.0,0,0,0,0
558,2026-09-02,4,MetroLink Operations,Completed,2026-09-02 14:00:00,2026-09-02 14:17:00,17,1,0,1,0,0,1,6,31.1,0,0,0,0
559,2026-09-02,2,Keystone Mobility,Completed,2026-09-02 08:45:00,2026-09-02 09:04:00,19,1,0,1,0,0,1,0,33.8,0,0,0,0
560,2026-06-14,1,Liberty Transit Services,Completed,2026-06-14 15:10:00,2026-06-14 15:08:00,-2,1,1,0,0,0,1,7,3.3,0,0,0,0
561,2026-06-14,1,Liberty Transit Services,Cancelled,2026-06-14 14:10:00,,,0,,,,1,0,14,19.4,1,1,1,0
562,2026-07-16,2,Keystone Mobility,Completed,2026-07-16 12:45:00,2026-07-16 12:54:00,9,1,1,0,0,0,1,23,39.0,0,0,0,0
563,2026-06-06,1,Liberty Transit Services,Completed,2026-06-06 10:45:00,2026-06-06 10:45:00,0,1,1,0,0,0,1,31,28.6,0,0,0,0
564,2026-08-31,3,Delaware Valley Transport,Completed,2026-08-31 05:15:00,2026-08-31 05:46:00,31,1,0,1,0,0,1,27,40.4,0,0,0,0
565,2026-06-19,3,Delaware Valley Transport,Completed,2026-06-19 15:15:00,2026-06-19 15:40:00,25,1,0,1,0,0,1,15,17.6,0,0,0,0
566,2026-08-03,5,CityRide Partners,Completed,2026-08-03 20:20:00,2026-08-03 20:25:00,5,1,1,0,0,0,1,23,24.6,0,0,0,0
567,2026-06-15,2,Keystone Mobility,Completed,2026-06-15 16:40:00,2026-06-15 16:55:00,15,1,1,0,0,0,1,27,17.2,0,0,0,0
568,2026-06-14,6,Regional Access Transit,Completed,2026-06-14 20:15:00,2026-06-14 20:25:00,10,1,1,0,0,0,1,47,8.0,0,0,0,1
569,2026-08-29,5,CityRide Partners,Completed,2026-08-29 20:45:00,2026-08-29 20:42:00,-3,1,1,0,0,0,1,27,29.4,0,1,0,0
570,2026-08-10,4,MetroLink Operations,Completed,2026-08-10 21:30:00,2026-08-10 21:24:00,-6,1,0,0,1,0,1,3,11.1,0,0,0,0
571,2026-09-04,2,Keystone Mobility,Completed,2026-09-04 19:50:00,2026-09-04 19:53:00,3,1,1,0,0,0,1,21,3.6,0,0,0,0
572,2026-06-21,3,Delaware Valley Transport,Completed,2026-06-21 08:10:00,2026-06-21 08:11:00,1,1,1,0,0,0,1,36,24.8,0,0,0,0
573,2026-08-01,5,CityRide Partners,Cancelled,2026-08-01 06:40:00,,,0,,,,1,0,32,10.2,1,1,0,0
574,2026-07-21,7,Independence Transportation,Completed,2026-07-21 09:10:00,2026-07-21 09:41:00,31,1,0,1,0,0,1,18,8.9,0,0,0,0
575,2026-07-30,6,Regional Access Transit,Completed,2026-07-30 07:20:00,2026-07-30 07:31:00,11,1,1,0,0,0,1,8,15.9,0,0,0,0
576,2026-08-19,3,Delaware Valley Transport,Completed,2026-08-19 06:45:00,2026-08-19 06:59:00,14,1,1,0,0,0,1,35,36.8,0,0,0,0
577,2026-06-12,7,Independence Transportation,Completed,2026-06-12 08:50:00,2026-06-12 08:58:00,8,1,1,0,0,0,1,29,12.7,0,0,0,0
578,2026-07-03,4,MetroLink Operations,Completed,2026-07-03 09:10:00,2026-07-03 09:24:00,14,1,1,0,0,0,1,20,17.3,0,0,0,0
579,2026-07-23,6,Regional Access Transit,Completed,2026-07-23 19:30:00,2026-07-23 19:35:00,5,1,1,0,0,0,1,10,25.0,0,0,0,0
580,2026-06-10,7,Independence Transportation,Completed,2026-06-10 17:50:00,2026-06-10 18:24:00,34,1,0,1,0,0,1,21,5.0,0,0,0,0
581,2026-08-17,3,Delaware Valley Transport,Completed,2026-08-17 11:50:00,2026-08-17 12:19:00,29,1,0,1,0,0,1,38,33.1,0,0,0,0
582,2026-07-17,1,Liberty Transit Services,Completed,2026-07-17 20:20:00,2026-07-17 20:32:00,12,1,1,0,0,0,1,28,36.9,0,0,0,0
583,2026-06-28,5,CityRide Partners,Cancelled,2026-06-28 10:00:00,,,0,,,,1,0,12,16.3,1,1,0,0
584,2026-08-01,4,MetroLink Operations,Cancelled,2026-08-01 10:45:00,,,0,,,,1,0,38,10.3,1,1,0,0
585,2026-08-25,6,Regional Access Transit,Completed,2026-08-25 15:40:00,2026-08-25 15:50:00,10,1,1,0,0,0,1,28,39.8,0,0,0,0
586,2026-06-17,7,Independence Transportation,Completed,2026-06-17 08:00:00,2026-06-17 08:01:00,1,1,1,0,0,0,1,36,40.2,0,0,0,0
587,2026-07-17,3,Delaware Valley Transport,Completed,2026-07-17 14:30:00,2026-07-17 14:33:00,3,1,1,0,0,0,1,27,23.2,0,0,0,0
588,2026-07-13,7,Independence Transportation,Completed,2026-07-13 10:50:00,2026-07-13 11:09:00,19,1,0,1,0,0,1,6,41.8,0,0,0,0
589,2026-06-14,7,Independence Transportation,Completed,2026-06-14 05:45:00,2026-06-14 05:37:00,-8,1,0,0,1,0,1,13,11.3,0,0,0,0
590,2026-08-10,4,MetroLink Operations,No Show,2026-08-10 08:20:00,,,0,,,,0,0,45,33.5,1,1,0,0
591,2026-06-01,4,MetroLink Operations,Cancelled,2026-06-01 12:30:00,,,0,,,,1,0,26,29.1,1,1,0,0
592,2026-07-24,1,Liberty Transit Services,Completed,2026-07-24 05:00:00,2026-07-24 05:18:00,18,1,0,1,0,0,1,3,34.2,0,0,0,0
593,2026-07-25,5,CityRide Partners,Cancelled,2026-07-25 17:15:00,,,0,,,,1,0,8,22.4,1,1,0,0
594,2026-08-13,6,Regional Access Transit,Completed,2026-08-13 13:15:00,2026-08-13 13:23:00,8,1,1,0,0,0,1,5,25.1,0,0,0,0
595,2026-09-04,1,Liberty Transit Services,Completed,2026-09-04 19:40:00,2026-09-04 19:45:00,5,1,1,0,0,0,1,17,5.8,0,0,0,0
596,2026-08-20,2,Keystone Mobility,Cancelled,2026-08-20 08:10:00,,,0,,,,1,0,11,6.2,1,1,0,0
597,2026-07-17,4,MetroLink Operations,Completed,2026-07-17 17:10:00,2026-07-17 16:55:00,-15,1,0,0,1,0,1,20,27.5,0,0,0,0
598,2026-06-21,4,MetroLink Operations,Completed,2026-06-21 14:00:00,,,0,,,,0,1,16,39.1,1,0,0,0
599,2026-08-17,2,Keystone Mobility,Completed,2026-08-17 05:15:00,2026-08-17 05:58:00,43,1,0,1,0,0,1,17,13.3,0,0,0,0
600,2026-06-12,2,Keystone Mobility,Completed,2026-06-12 14:50:00,2026-06-12 15:10:00,20,1,0,1,0,0,1,37,14.8,0,0,0,0
601,2026-06-27,7,Independence Transportation,Completed,2026-06-27 18:50:00,2026-06-27 18:41:00,-9,1,0,0,1,0,1,40,34.9,0,0,0,0
602,2026-06-22,4,MetroLink Operations,Completed,2026-06-22 21:30:00,2026-06-22 21:43:00,13,1,1,0,0,0,1,42,17.2,0,0,0,0
603,2026-07-11,2,Keystone Mobility,Completed,2026-07-11 05:40:00,2026-07-11 05:35:00,-5,1,1,0,0,0,1,38,10.9,0,0,0,0
604,2026-06-14,2,Keystone Mobility,Completed,2026-06-14 07:45:00,2026-06-14 07:27:00,-18,1,0,0,1,0,1,38,15.4,0,0,0,0
605,2026-07-01,4,MetroLink Operations,No Show,2026-07-01 14:00:00,,,0,,,,0,0,2,37.9,1,1,0,0
606,2026-06-06,5,CityRide Partners,Completed,2026-06-06 05:10:00,2026-06-06 05:18:00,8,1,1,0,0,0,1,31,26.7,0,0,0,0
607,2026-07-09,4,MetroLink Operations,Cancelled,2026-07-09 20:10:00,,,0,,,,1,0,8,6.7,1,1,0,0
608,2026-08-28,3,Delaware Valley Transport,Completed,2026-08-28 12:15:00,2026-08-28 12:22:00,7,1,1,0,0,0,1,16,15.5,0,0,0,0
609,2026-07-19,5,CityRide Partners,Completed,2026-07-19 10:15:00,2026-07-19 10:46:00,31,1,0,1,0,0,1,33,23.3,0,0,0,0
610,2026-08-01,5,CityRide Partners,Completed,2026-08-01 13:40:00,2026-08-01 13:53:00,13,1,1,0,0,0,1,31,4.9,0,0,0,0
611,2026-08-25,1,Liberty Transit Services,Completed,2026-08-25 19:45:00,2026-08-25 19:45:00,0,1,1,0,0,0,1,19,30.5,0,0,0,0
612,2026-06-20,6,Regional Access Transit,Cancelled,2026-06-20 08:15:00,,,0,,,,1,0,25,9.9,1,1,0,0
613,2026-07-25,3,Delaware Valley Transport,Completed,2026-07-25 14:10:00,2026-07-25 14:19:00,9,1,1,0,0,0,1,35,5.8,0,0,0,0
614,2026-06-28,4,MetroLink Operations,Completed,2026-06-28 17:45:00,2026-06-28 17:56:00,11,1,1,0,0,0,1,18,10.0,0,0,0,0
615,2026-08-16,2,Keystone Mobility,Completed,2026-08-16 21:50:00,2026-08-16 22:01:00,11,1,1,0,0,0,1,17,11.4,0,0,0,0
616,2026-08-29,5,CityRide Partners,Completed,2026-08-29 17:45:00,2026-08-29 17:54:00,9,1,1,0,0,0,1,18,31.5,0,0,0,0
617,2026-06-24,1,Liberty Transit Services,Completed,2026-06-24 20:30:00,2026-06-24 20:39:00,9,1,1,0,0,0,1,16,37.3,0,0,0,0
618,2026-08-26,2,Keystone Mobility,Completed,2026-08-26 16:50:00,2026-08-26 17:00:00,10,1,1,0,0,0,1,10,32.3,0,0,0,0
619,2026-06-13,7,Independence Transportation,Completed,2026-06-13 14:40:00,2026-06-13 14:24:00,-16,1,0,0,1,0,1,42,36.3,0,0,0,0
620,2026-08-16,7,Independence Transportation,Completed,2026-08-16 08:30:00,2026-08-16 08:44:00,14,1,1,0,0,0,1,36,31.8,0,0,0,0
621,2026-07-17,4,MetroLink Operations,Completed,2026-07-17 07:20:00,2026-07-17 07:41:00,21,1,0,1,0,0,1,26,39.8,0,0,0,0
622,2026-07-10,3,Delaware Valley Transport,Completed,2026-07-10 06:40:00,2026-07-10 07:13:00,33,1,0,1,0,0,1,43,8.4,0,0,0,0
623,2026-08-19,3,Delaware Valley Transport,Completed,2026-08-19 14:50:00,2026-08-19 15:01:00,11,1,1,0,0,0,1,42,35.4,0,0,0,0
624,2026-07-03,1,Liberty Transit Services,Completed,2026-07-03 16:30:00,2026-07-03 16:32:00,2,1,1,0,0,0,1,37,38.8,0,0,0,0
625,2026-06-29,3,Delaware Valley Transport,Completed,2026-06-29 20:40:00,2026-06-29 21:11:00,31,1,0,1,0,0,1,20,34.3,0,0,0,0
626,2026-08-27,2,Keystone Mobility,Completed,2026-08-27 13:15:00,2026-08-27 13:05:00,-10,1,0,0,1,0,1,27,6.3,0,0,0,0
627,2026-07-27,5,CityRide Partners,Completed,2026-07-27 21:40:00,2026-07-27 21:51:00,11,1,1,0,0,0,1,19,33.6,0,0,0,0
628,2026-08-05,5,CityRide Partners,Completed,2026-08-05 09:30:00,2026-08-05 09:36:00,6,1,1,0,0,0,1,3,13.2,0,0,0,1
629,2026-06-14,6,Regional Access Transit,Completed,2026-06-14 08:30:00,2026-06-14 08:17:00,-13,1,0,0,1,0,1,31,7.9,0,0,0,0
630,2026-08-21,6,Regional Access Transit,Completed,2026-08-21 14:30:00,2026-08-21 14:37:00,7,1,1,0,0,0,1,6,21.2,0,0,0,1
631,2026-08-04,7,Independence Transportation,Completed,2026-08-04 17:00:00,2026-08-04 16:45:00,-15,1,0,0,1,0,1,27,8.3,0,0,0,0
632,2026-06-24,1,Liberty Transit Services,Completed,2026-06-24 12:15:00,2026-06-24 12:16:00,1,1,1,0,0,0,1,42,13.4,0,0,0,0
633,2026-08-29,4,MetroLink Operations,Completed,2026-08-29 19:45:00,2026-08-29 19:50:00,5,1,1,0,0,0,1,8,21.0,0,0,0,0
634,2026-07-29,6,Regional Access Transit,Completed,2026-07-29 05:15:00,2026-07-29 05:21:00,6,1,1,0,0,0,1,9,16.4,0,0,0,0
635,2026-08-12,6,Regional Access Transit,Completed,2026-08-12 19:15:00,2026-08-12 18:57:00,-18,1,0,0,1,0,1,42,23.3,0,0,0,0
636,2026-08-29,2,Keystone Mobility,Completed,2026-08-29 16:45:00,2026-08-29 16:56:00,11,1,1,0,0,0,1,46,33.9,0,0,0,0
637,2026-06-23,1,Liberty Transit Services,Completed,2026-06-23 18:10:00,2026-06-23 18:19:00,9,1,1,0,0,0,1,44,20.3,0,0,0,0
638,2026-08-21,2,Keystone Mobility,Completed,2026-08-21 11:30:00,2026-08-21 11:20:00,-10,1,0,0,1,0,1,37,3.5,0,0,0,0
639,2026-06-13,6,Regional Access Transit,Completed,2026-06-13 06:15:00,2026-06-13 06:43:00,28,1,0,1,0,0,1,36,35.2,0,0,0,0
640,2026-07-16,5,CityRide Partners,Completed,2026-07-16 09:10:00,2026-07-16 09:12:00,2,1,1,0,0,0,1,14,4.5,0,0,0,0
641,2026-07-13,5,CityRide Partners,Completed,2026-07-13 12:30:00,2026-07-13 12:34:00,4,1,1,0,0,0,1,32,14.8,0,0,0,0
642,2026-06-08,5,CityRide Partners,Completed,2026-06-08 08:50:00,2026-06-08 09:14:00,24,1,0,1,0,0,1,46,15.5,0,0,0,0
643,2026-08-24,7,Independence Transportation,Completed,2026-08-24 12:50:00,2026-08-24 12:40:00,-10,1,0,0,1,0,1,8,13.2,0,0,0,0
644,2026-06-14,1,Liberty Transit Services,Completed,2026-06-14 20:20:00,2026-06-14 20:39:00,19,1,0,1,0,0,1,43,29.5,0,0,0,0
645,2026-08-10,1,Liberty Transit Services,Completed,2026-08-10 06:45:00,2026-08-10 07:06:00,21,1,0,1,0,0,1,3,11.9,0,0,0,0
646,2026-08-15,1,Liberty Transit Services,Completed,2026-08-15 12:45:00,2026-08-15 13:05:00,20,1,0,1,0,0,1,20,16.3,0,0,0,0
647,2026-07-02,6,Regional Access Transit,Completed,2026-07-02 09:45:00,2026-07-02 09:32:00,-13,1,0,0,1,0,1,28,30.7,0,0,0,0
648,2026-08-10,3,Delaware Valley Transport,Completed,2026-08-10 12:30:00,2026-08-10 12:39:00,9,1,1,0,0,0,1,8,35.7,0,0,0,0
649,2026-06-30,5,CityRide Partners,Completed,2026-06-30 11:10:00,2026-06-30 11:10:00,0,1,1,0,0,0,1,17,13.5,0,0,0,0
650,2026-07-09,4,MetroLink Operations,Completed,2026-07-09 06:30:00,2026-07-09 06:26:00,-4,1,1,0,0,0,1,3,28.6,0,0,0,0
